{
  "IcoMoonType": "selection",
  "icons": [
    {
      "icon": {
        "paths": [
          "M853.427 422.901c-8.106-232.134-202.859-413.744-434.993-405.637s-413.744 202.859-405.637 434.993c8.106 232.134 202.859 413.744 434.993 405.637s413.744-202.859 405.637-434.993zM743.78 426.73c5.992 171.577-128.242 315.525-299.819 321.517s-315.525-128.242-321.517-299.819c-5.992-171.577 128.242-315.525 299.819-321.517s315.525 128.242 321.517 299.819z",
          "M426.73 254.833c100.928-3.524 185.603 75.436 189.127 176.364s-75.436 185.603-176.364 189.127c-100.928 3.524-185.603-75.436-189.127-176.364s75.436-185.603 176.364-189.127z",
          "M512.232 602.606l54.356-48.942 367.066 407.668-54.356 48.942-367.066-407.668z"
        ],
        "attrs": [
          {},
          {},
          {}
        ],
        "width": 933,
        "isMulticolor": false,
        "isMulticolor2": false,
        "grid": 16,
        "tags": [
          "logo1"
        ],
        "colorPermutations": {
          "119019019012552552551": [
            {},
            {},
            {}
          ]
        }
      },
      "attrs": [
        {},
        {},
        {}
      ],
      "properties": {
        "order": 795,
        "id": 81,
        "name": "logo1",
        "prevSize": 32,
        "code": 59649
      },
      "setIdx": 0,
      "setId": 2,
      "iconIdx": 0
    },
    {
      "icon": {
        "paths": [
          "M1024 590.444l-512-397.426-512 397.428v-162.038l512-397.426 512 397.428zM896 576v384h-256v-256h-256v256h-256v-384l384-288z"
        ],
        "tags": [
          "home",
          "house"
        ],
        "defaultCode": 59648,
        "grid": 16,
        "attrs": [],
        "colorPermutations": {
          "119019019012552552551": []
        }
      },
      "attrs": [],
      "properties": {
        "ligatures": "home, house",
        "name": "home",
        "order": 797,
        "id": 1,
        "prevSize": 32,
        "code": 59648
      },
      "setIdx": 0,
      "setId": 2,
      "iconIdx": 2
    },
    {
      "icon": {
        "paths": [
          "M864 0c88.364 0 160 71.634 160 160 0 36.020-11.91 69.258-32 96l-64 64-224-224 64-64c26.742-20.090 59.978-32 96-32zM64 736l-64 288 288-64 592-592-224-224-592 592zM715.578 363.578l-448 448-55.156-55.156 448-448 55.156 55.156z"
        ],
        "tags": [
          "pencil",
          "write",
          "edit"
        ],
        "defaultCode": 59653,
        "grid": 16,
        "attrs": [],
        "colorPermutations": {
          "119019019012552552551": []
        }
      },
      "attrs": [],
      "properties": {
        "ligatures": "pencil, write",
        "name": "pencil",
        "order": 798,
        "id": 2,
        "prevSize": 32,
        "code": 59653
      },
      "setIdx": 0,
      "setId": 2,
      "iconIdx": 3
    },
    {
      "icon": {
        "paths": [
          "M959.884 128c0.040 0.034 0.082 0.076 0.116 0.116v767.77c-0.034 0.040-0.076 0.082-0.116 0.116h-895.77c-0.040-0.034-0.082-0.076-0.114-0.116v-767.772c0.034-0.040 0.076-0.082 0.114-0.114h895.77zM960 64h-896c-35.2 0-64 28.8-64 64v768c0 35.2 28.8 64 64 64h896c35.2 0 64-28.8 64-64v-768c0-35.2-28.8-64-64-64v0z",
          "M832 288c0 53.020-42.98 96-96 96s-96-42.98-96-96 42.98-96 96-96 96 42.98 96 96z",
          "M896 832h-768v-128l224-384 256 320h64l224-192z"
        ],
        "tags": [
          "image",
          "picture",
          "photo",
          "graphic"
        ],
        "defaultCode": 59661,
        "grid": 16,
        "attrs": [],
        "colorPermutations": {
          "119019019012552552551": []
        }
      },
      "attrs": [],
      "properties": {
        "ligatures": "image, picture",
        "name": "image",
        "order": 799,
        "id": 3,
        "prevSize": 32,
        "code": 59661
      },
      "setIdx": 0,
      "setId": 2,
      "iconIdx": 4
    },
    {
      "icon": {
        "paths": [
          "M304 608c0 114.876 93.124 208 208 208s208-93.124 208-208-93.124-208-208-208-208 93.124-208 208zM960 256h-224c-16-64-32-128-96-128h-256c-64 0-80 64-96 128h-224c-35.2 0-64 28.8-64 64v576c0 35.2 28.8 64 64 64h896c35.2 0 64-28.8 64-64v-576c0-35.2-28.8-64-64-64zM512 892c-156.85 0-284-127.148-284-284 0-156.85 127.15-284 284-284 156.852 0 284 127.15 284 284 0 156.852-127.146 284-284 284zM960 448h-128v-64h128v64z"
        ],
        "tags": [
          "camera",
          "photo",
          "picture",
          "image"
        ],
        "defaultCode": 59663,
        "grid": 16,
        "attrs": [],
        "colorPermutations": {
          "119019019012552552551": []
        }
      },
      "attrs": [],
      "properties": {
        "ligatures": "camera, photo",
        "name": "camera",
        "order": 800,
        "id": 4,
        "prevSize": 32,
        "code": 59663
      },
      "setIdx": 0,
      "setId": 2,
      "iconIdx": 5
    },
    {
      "icon": {
        "paths": [
          "M960 0h64v736c0 88.366-100.29 160-224 160s-224-71.634-224-160c0-88.368 100.29-160 224-160 62.684 0 119.342 18.4 160 48.040v-368.040l-512 113.778v494.222c0 88.366-100.288 160-224 160s-224-71.634-224-160c0-88.368 100.288-160 224-160 62.684 0 119.342 18.4 160 48.040v-624.040l576-128z"
        ],
        "tags": [
          "music",
          "song",
          "audio",
          "sound",
          "note"
        ],
        "defaultCode": 59665,
        "grid": 16,
        "attrs": [],
        "colorPermutations": {
          "119019019012552552551": []
        }
      },
      "attrs": [],
      "properties": {
        "ligatures": "music, song",
        "name": "music",
        "order": 801,
        "id": 5,
        "prevSize": 32,
        "code": 59665
      },
      "setIdx": 0,
      "setId": 2,
      "iconIdx": 6
    },
    {
      "icon": {
        "paths": [
          "M981.188 160.108c-143.632-20.65-302.332-32.108-469.186-32.108-166.86 0-325.556 11.458-469.194 32.108-27.53 107.726-42.808 226.75-42.808 351.892 0 125.14 15.278 244.166 42.808 351.89 143.638 20.652 302.336 32.11 469.194 32.11 166.854 0 325.552-11.458 469.186-32.11 27.532-107.724 42.812-226.75 42.812-351.89 0-125.142-15.28-244.166-42.812-351.892zM384.002 704v-384l320 192-320 192z"
        ],
        "tags": [
          "play",
          "video",
          "movie"
        ],
        "defaultCode": 59666,
        "grid": 16,
        "attrs": [],
        "colorPermutations": {
          "119019019012552552551": []
        }
      },
      "attrs": [],
      "properties": {
        "ligatures": "play, video",
        "name": "play",
        "order": 802,
        "id": 6,
        "prevSize": 32,
        "code": 59666
      },
      "setIdx": 0,
      "setId": 2,
      "iconIdx": 7
    },
    {
      "icon": {
        "paths": [
          "M384 288c0-88.366 71.634-160 160-160s160 71.634 160 160c0 88.366-71.634 160-160 160s-160-71.634-160-160zM0 288c0-88.366 71.634-160 160-160s160 71.634 160 160c0 88.366-71.634 160-160 160s-160-71.634-160-160zM768 608v-96c0-35.2-28.8-64-64-64h-640c-35.2 0-64 28.8-64 64v320c0 35.2 28.8 64 64 64h640c35.2 0 64-28.8 64-64v-96l256 160v-448l-256 160zM640 768h-512v-192h512v192z"
        ],
        "tags": [
          "video-camera",
          "video",
          "media",
          "film",
          "movie"
        ],
        "defaultCode": 59668,
        "grid": 16,
        "attrs": [],
        "colorPermutations": {
          "119019019012552552551": []
        }
      },
      "attrs": [],
      "properties": {
        "ligatures": "video-camera, video3",
        "name": "video-camera",
        "order": 803,
        "id": 7,
        "prevSize": 32,
        "code": 59668
      },
      "setIdx": 0,
      "setId": 2,
      "iconIdx": 8
    },
    {
      "icon": {
        "paths": [
          "M1024 429.256c0-200.926-58.792-363.938-131.482-365.226 0.292-0.006 0.578-0.030 0.872-0.030h-82.942c0 0-194.8 146.336-475.23 203.754-8.56 45.292-14.030 99.274-14.030 161.502s5.466 116.208 14.030 161.5c280.428 57.418 475.23 203.756 475.23 203.756h82.942c-0.292 0-0.578-0.024-0.872-0.032 72.696-1.288 131.482-164.298 131.482-365.224zM864.824 739.252c-9.382 0-19.532-9.742-24.746-15.548-12.63-14.064-24.792-35.96-35.188-63.328-23.256-61.232-36.066-143.31-36.066-231.124 0-87.81 12.81-169.89 36.066-231.122 10.394-27.368 22.562-49.266 35.188-63.328 5.214-5.812 15.364-15.552 24.746-15.552 9.38 0 19.536 9.744 24.744 15.552 12.634 14.064 24.796 35.958 35.188 63.328 23.258 61.23 36.068 143.312 36.068 231.122 0 87.804-12.81 169.888-36.068 231.124-10.39 27.368-22.562 49.264-35.188 63.328-5.208 5.806-15.36 15.548-24.744 15.548zM251.812 429.256c0-51.95 3.81-102.43 11.052-149.094-47.372 6.554-88.942 10.324-140.34 10.324-67.058 0-67.058 0-67.058 0l-55.466 94.686v88.17l55.46 94.686c0 0 0 0 67.060 0 51.398 0 92.968 3.774 140.34 10.324-7.236-46.664-11.048-97.146-11.048-149.096zM368.15 642.172l-127.998-24.51 81.842 321.544c4.236 16.634 20.744 25.038 36.686 18.654l118.556-47.452c15.944-6.376 22.328-23.964 14.196-39.084l-123.282-229.152zM864.824 548.73c-3.618 0-7.528-3.754-9.538-5.992-4.87-5.42-9.556-13.86-13.562-24.408-8.962-23.6-13.9-55.234-13.9-89.078s4.938-65.478 13.9-89.078c4.006-10.548 8.696-18.988 13.562-24.408 2.010-2.24 5.92-5.994 9.538-5.994 3.616 0 7.53 3.756 9.538 5.994 4.87 5.42 9.556 13.858 13.56 24.408 8.964 23.598 13.902 55.234 13.902 89.078 0 33.842-4.938 65.478-13.902 89.078-4.004 10.548-8.696 18.988-13.56 24.408-2.008 2.238-5.92 5.992-9.538 5.992z"
        ],
        "tags": [
          "bullhorn",
          "megaphone",
          "announcement",
          "advertisement",
          "news"
        ],
        "defaultCode": 59674,
        "grid": 16,
        "attrs": [],
        "colorPermutations": {
          "119019019012552552551": []
        }
      },
      "attrs": [],
      "properties": {
        "ligatures": "bullhorn, megaphone",
        "name": "bullhorn",
        "order": 804,
        "id": 8,
        "prevSize": 32,
        "code": 59674
      },
      "setIdx": 0,
      "setId": 2,
      "iconIdx": 9
    },
    {
      "icon": {
        "paths": [
          "M1024 512c0-282.77-229.23-512-512-512s-512 229.23-512 512c0 220.054 138.836 407.664 333.686 480.068l-13.686 31.932h384l-13.686-31.932c194.85-72.404 333.686-260.014 333.686-480.068zM486.79 634.826c-22.808-9.788-38.79-32.436-38.79-58.826 0-35.346 28.654-64 64-64s64 28.654 64 64c0 26.39-15.978 49.044-38.786 58.834l-25.214-58.834-25.21 58.826zM538.268 637.292c58.092-12.118 101.732-63.602 101.732-125.292 0-70.694-57.306-128-128-128-70.692 0-128 57.306-128 128 0 61.692 43.662 113.122 101.76 125.228l-74.624 174.122c-91.23-39.15-155.136-129.784-155.136-235.35 0-141.384 114.616-268 256-268s256 126.616 256 268c0 105.566-63.906 196.2-155.136 235.35l-74.596-174.058zM688.448 987.708l-73.924-172.486c126.446-42.738 217.476-162.346 217.476-303.222 0-176.73-143.268-320-320-320-176.73 0-320 143.27-320 320 0 140.876 91.030 260.484 217.476 303.222l-73.924 172.486c-159.594-68.488-271.386-227.034-271.386-411.708 0-247.332 200.502-459.834 447.834-459.834s447.834 212.502 447.834 459.834c0 184.674-111.792 343.22-271.386 411.708z"
        ],
        "tags": [
          "podcast",
          "broadcast",
          "live",
          "radio",
          "feed"
        ],
        "defaultCode": 59676,
        "grid": 16,
        "attrs": [],
        "colorPermutations": {
          "119019019012552552551": []
        }
      },
      "attrs": [],
      "properties": {
        "ligatures": "podcast, broadcast",
        "name": "podcast",
        "order": 805,
        "id": 9,
        "prevSize": 32,
        "code": 59676
      },
      "setIdx": 0,
      "setId": 2,
      "iconIdx": 10
    },
    {
      "icon": {
        "paths": [
          "M917.806 229.076c-22.212-30.292-53.174-65.7-87.178-99.704s-69.412-64.964-99.704-87.178c-51.574-37.82-76.592-42.194-90.924-42.194h-496c-44.112 0-80 35.888-80 80v864c0 44.112 35.888 80 80 80h736c44.112 0 80-35.888 80-80v-624c0-14.332-4.372-39.35-42.194-90.924zM785.374 174.626c30.7 30.7 54.8 58.398 72.58 81.374h-153.954v-153.946c22.984 17.78 50.678 41.878 81.374 72.572zM896 944c0 8.672-7.328 16-16 16h-736c-8.672 0-16-7.328-16-16v-864c0-8.672 7.328-16 16-16 0 0 495.956-0.002 496 0v224c0 17.672 14.326 32 32 32h224v624z"
        ],
        "tags": [
          "file-empty",
          "file",
          "document",
          "paper",
          "page",
          "new",
          "empty",
          "blank"
        ],
        "defaultCode": 59684,
        "grid": 16,
        "attrs": [],
        "colorPermutations": {
          "119019019012552552551": []
        }
      },
      "attrs": [],
      "properties": {
        "ligatures": "file-empty, file3",
        "name": "file-empty",
        "order": 806,
        "id": 10,
        "prevSize": 32,
        "code": 59684
      },
      "setIdx": 0,
      "setId": 2,
      "iconIdx": 11
    },
    {
      "icon": {
        "paths": [
          "M917.806 357.076c-22.21-30.292-53.174-65.7-87.178-99.704s-69.412-64.964-99.704-87.178c-51.574-37.82-76.592-42.194-90.924-42.194h-368c-44.114 0-80 35.888-80 80v736c0 44.112 35.886 80 80 80h608c44.112 0 80-35.888 80-80v-496c0-14.332-4.372-39.35-42.194-90.924zM785.374 302.626c30.7 30.7 54.8 58.398 72.58 81.374h-153.954v-153.946c22.982 17.78 50.678 41.878 81.374 72.572v0zM896 944c0 8.672-7.328 16-16 16h-608c-8.672 0-16-7.328-16-16v-736c0-8.672 7.328-16 16-16 0 0 367.956-0.002 368 0v224c0 17.672 14.324 32 32 32h224v496z",
          "M602.924 42.196c-51.574-37.822-76.592-42.196-90.924-42.196h-368c-44.112 0-80 35.888-80 80v736c0 38.632 27.528 70.958 64 78.39v-814.39c0-8.672 7.328-16 16-16h486.876c-9.646-7.92-19.028-15.26-27.952-21.804z"
        ],
        "tags": [
          "files-empty",
          "files",
          "documents",
          "papers",
          "pages"
        ],
        "defaultCode": 59685,
        "grid": 16,
        "attrs": [],
        "colorPermutations": {
          "119019019012552552551": []
        }
      },
      "attrs": [],
      "properties": {
        "ligatures": "files-empty, files",
        "name": "files-empty",
        "order": 807,
        "id": 11,
        "prevSize": 32,
        "code": 59685
      },
      "setIdx": 0,
      "setId": 2,
      "iconIdx": 12
    },
    {
      "icon": {
        "paths": [
          "M917.806 229.076c-22.212-30.292-53.174-65.7-87.178-99.704s-69.412-64.964-99.704-87.178c-51.574-37.82-76.592-42.194-90.924-42.194h-496c-44.112 0-80 35.888-80 80v864c0 44.112 35.888 80 80 80h736c44.112 0 80-35.888 80-80v-624c0-14.332-4.372-39.35-42.194-90.924zM785.374 174.626c30.7 30.7 54.8 58.398 72.58 81.374h-153.954v-153.946c22.984 17.78 50.678 41.878 81.374 72.572zM896 944c0 8.672-7.328 16-16 16h-736c-8.672 0-16-7.328-16-16v-864c0-8.672 7.328-16 16-16 0 0 495.956-0.002 496 0v224c0 17.672 14.326 32 32 32h224v624z",
          "M736 832h-448c-17.672 0-32-14.326-32-32s14.328-32 32-32h448c17.674 0 32 14.326 32 32s-14.326 32-32 32z",
          "M736 704h-448c-17.672 0-32-14.326-32-32s14.328-32 32-32h448c17.674 0 32 14.326 32 32s-14.326 32-32 32z",
          "M736 576h-448c-17.672 0-32-14.326-32-32s14.328-32 32-32h448c17.674 0 32 14.326 32 32s-14.326 32-32 32z"
        ],
        "tags": [
          "file-text",
          "file",
          "document",
          "list",
          "paper",
          "page"
        ],
        "defaultCode": 59686,
        "grid": 16,
        "attrs": [],
        "colorPermutations": {
          "119019019012552552551": []
        }
      },
      "attrs": [],
      "properties": {
        "ligatures": "file-text2, file4",
        "name": "file-text2",
        "order": 808,
        "id": 12,
        "prevSize": 32,
        "code": 59686
      },
      "setIdx": 0,
      "setId": 2,
      "iconIdx": 13
    },
    {
      "icon": {
        "paths": [
          "M976 0h-384c-26.4 0-63.274 15.274-81.942 33.942l-476.116 476.116c-18.668 18.668-18.668 49.214 0 67.882l412.118 412.118c18.668 18.668 49.214 18.668 67.882 0l476.118-476.118c18.666-18.666 33.94-55.54 33.94-81.94v-384c0-26.4-21.6-48-48-48zM736 384c-53.020 0-96-42.98-96-96s42.98-96 96-96 96 42.98 96 96-42.98 96-96 96z"
        ],
        "tags": [
          "price-tag"
        ],
        "defaultCode": 59701,
        "grid": 16,
        "attrs": [],
        "colorPermutations": {
          "119019019012552552551": []
        }
      },
      "attrs": [],
      "properties": {
        "ligatures": "price-tag",
        "name": "price-tag",
        "order": 809,
        "id": 13,
        "prevSize": 32,
        "code": 59701
      },
      "setIdx": 0,
      "setId": 2,
      "iconIdx": 14
    },
    {
      "icon": {
        "width": 1280,
        "paths": [
          "M1232 0h-384c-26.4 0-63.274 15.274-81.942 33.942l-476.116 476.116c-18.668 18.668-18.668 49.214 0 67.882l412.118 412.118c18.668 18.668 49.214 18.668 67.882 0l476.118-476.118c18.666-18.666 33.94-55.54 33.94-81.94v-384c0-26.4-21.6-48-48-48zM992 384c-53.020 0-96-42.98-96-96s42.98-96 96-96 96 42.98 96 96-42.98 96-96 96z",
          "M128 544l544-544h-80c-26.4 0-63.274 15.274-81.942 33.942l-476.116 476.116c-18.668 18.668-18.668 49.214 0 67.882l412.118 412.118c18.668 18.668 49.214 18.668 67.882 0l30.058-30.058-416-416z"
        ],
        "tags": [
          "price-tags"
        ],
        "defaultCode": 59702,
        "grid": 16,
        "attrs": [],
        "colorPermutations": {
          "119019019012552552551": []
        }
      },
      "attrs": [],
      "properties": {
        "ligatures": "price-tags",
        "name": "price-tags",
        "order": 810,
        "id": 14,
        "prevSize": 32,
        "code": 59702
      },
      "setIdx": 0,
      "setId": 2,
      "iconIdx": 15
    },
    {
      "icon": {
        "paths": [
          "M512 0c-176.732 0-320 143.268-320 320 0 320 320 704 320 704s320-384 320-704c0-176.732-143.27-320-320-320zM512 516c-108.248 0-196-87.752-196-196s87.752-196 196-196 196 87.752 196 196-87.752 196-196 196zM388 320c0-68.483 55.517-124 124-124s124 55.517 124 124c0 68.483-55.517 124-124 124s-124-55.517-124-124z"
        ],
        "tags": [
          "location",
          "map-marker",
          "pin"
        ],
        "defaultCode": 59720,
        "grid": 16,
        "attrs": [],
        "colorPermutations": {
          "119019019012552552551": []
        }
      },
      "attrs": [],
      "properties": {
        "ligatures": "location2, map-marker2",
        "name": "location2",
        "order": 811,
        "id": 15,
        "prevSize": 32,
        "code": 59720
      },
      "setIdx": 0,
      "setId": 2,
      "iconIdx": 16
    },
    {
      "icon": {
        "paths": [
          "M658.744 749.256l-210.744-210.746v-282.51h128v229.49l173.256 173.254zM512 0c-282.77 0-512 229.23-512 512s229.23 512 512 512 512-229.23 512-512-229.23-512-512-512zM512 896c-212.078 0-384-171.922-384-384s171.922-384 384-384c212.078 0 384 171.922 384 384s-171.922 384-384 384z"
        ],
        "tags": [
          "clock",
          "time",
          "schedule"
        ],
        "defaultCode": 59726,
        "grid": 16,
        "attrs": [],
        "colorPermutations": {
          "119019019012552552551": []
        }
      },
      "attrs": [],
      "properties": {
        "ligatures": "clock, time2",
        "name": "clock",
        "order": 812,
        "id": 16,
        "prevSize": 32,
        "code": 59726
      },
      "setIdx": 0,
      "setId": 2,
      "iconIdx": 17
    },
    {
      "icon": {
        "paths": [
          "M0 64v640h1024v-640h-1024zM960 640h-896v-512h896v512zM672 768h-320l-32 128-64 64h512l-64-64z"
        ],
        "tags": [
          "display",
          "screen",
          "monitor",
          "computer",
          "desktop",
          "pc"
        ],
        "defaultCode": 59734,
        "grid": 16,
        "attrs": [],
        "colorPermutations": {
          "119019019012552552551": []
        }
      },
      "attrs": [],
      "properties": {
        "ligatures": "display, screen",
        "name": "display",
        "order": 813,
        "id": 17,
        "prevSize": 32,
        "code": 59734
      },
      "setIdx": 0,
      "setId": 2,
      "iconIdx": 18
    },
    {
      "icon": {
        "paths": [
          "M736 0h-448c-52.8 0-96 43.2-96 96v832c0 52.8 43.2 96 96 96h448c52.8 0 96-43.2 96-96v-832c0-52.8-43.2-96-96-96zM384 48h256v32h-256v-32zM512 960c-35.346 0-64-28.654-64-64s28.654-64 64-64 64 28.654 64 64-28.654 64-64 64zM768 768h-512v-640h512v640z"
        ],
        "tags": [
          "mobile",
          "cell-phone",
          "handheld"
        ],
        "defaultCode": 59736,
        "grid": 16,
        "attrs": [],
        "colorPermutations": {
          "119019019012552552551": []
        }
      },
      "attrs": [],
      "properties": {
        "ligatures": "mobile, cell-phone",
        "name": "mobile",
        "order": 814,
        "id": 18,
        "prevSize": 32,
        "code": 59736
      },
      "setIdx": 0,
      "setId": 2,
      "iconIdx": 19
    },
    {
      "icon": {
        "paths": [
          "M800 0h-640c-52.8 0-96 43.2-96 96v832c0 52.8 43.2 96 96 96h640c52.8 0 96-43.2 96-96v-832c0-52.8-43.2-96-96-96zM480 992c-17.672 0-32-14.326-32-32s14.328-32 32-32 32 14.326 32 32-14.328 32-32 32zM768 896h-576v-768h576v768z"
        ],
        "tags": [
          "tablet",
          "mobile"
        ],
        "defaultCode": 59738,
        "grid": 16,
        "attrs": [],
        "colorPermutations": {
          "119019019012552552551": []
        }
      },
      "attrs": [],
      "properties": {
        "ligatures": "tablet, mobile3",
        "name": "tablet",
        "order": 815,
        "id": 19,
        "prevSize": 32,
        "code": 59738
      },
      "setIdx": 0,
      "setId": 2,
      "iconIdx": 20
    },
    {
      "icon": {
        "paths": [
          "M896 0h-896v1024h1024v-896l-128-128zM512 128h128v256h-128v-256zM896 896h-768v-768h64v320h576v-320h74.978l53.022 53.018v714.982z"
        ],
        "tags": [
          "floppy-disk",
          "save"
        ],
        "defaultCode": 59746,
        "grid": 16,
        "attrs": [],
        "colorPermutations": {
          "119019019012552552551": []
        }
      },
      "attrs": [],
      "properties": {
        "ligatures": "floppy-disk, save2",
        "name": "floppy-disk",
        "order": 816,
        "id": 20,
        "prevSize": 32,
        "code": 59746
      },
      "setIdx": 0,
      "setId": 2,
      "iconIdx": 21
    },
    {
      "icon": {
        "paths": [
          "M512 64c-141.384 0-269.376 57.32-362.032 149.978l-149.968-149.978v384h384l-143.532-143.522c69.496-69.492 165.492-112.478 271.532-112.478 212.068 0 384 171.924 384 384 0 114.696-50.292 217.636-130.018 288l84.666 96c106.302-93.816 173.352-231.076 173.352-384 0-282.77-229.23-512-512-512z"
        ],
        "tags": [
          "undo",
          "ccw",
          "arrow"
        ],
        "defaultCode": 59749,
        "grid": 16,
        "attrs": [],
        "colorPermutations": {
          "119019019012552552551": []
        }
      },
      "attrs": [],
      "properties": {
        "ligatures": "undo, ccw",
        "name": "undo",
        "order": 817,
        "id": 21,
        "prevSize": 32,
        "code": 59749
      },
      "setIdx": 0,
      "setId": 2,
      "iconIdx": 22
    },
    {
      "icon": {
        "paths": [
          "M0 576c0 152.924 67.048 290.184 173.35 384l84.666-96c-79.726-70.364-130.016-173.304-130.016-288 0-212.076 171.93-384 384-384 106.042 0 202.038 42.986 271.53 112.478l-143.53 143.522h384v-384l-149.97 149.978c-92.654-92.658-220.644-149.978-362.030-149.978-282.77 0-512 229.23-512 512z"
        ],
        "tags": [
          "redo",
          "cw",
          "arrow"
        ],
        "defaultCode": 59750,
        "grid": 16,
        "attrs": [],
        "colorPermutations": {
          "119019019012552552551": []
        }
      },
      "attrs": [],
      "properties": {
        "ligatures": "redo, cw",
        "name": "redo",
        "order": 818,
        "id": 22,
        "prevSize": 32,
        "code": 59750
      },
      "setIdx": 0,
      "setId": 2,
      "iconIdx": 23
    },
    {
      "icon": {
        "paths": [
          "M512 192c-54.932 0-107.988 8.662-157.694 25.742-46.712 16.054-88.306 38.744-123.628 67.444-66.214 53.798-102.678 122.984-102.678 194.814 0 40.298 11.188 79.378 33.252 116.152 22.752 37.92 56.982 72.586 98.988 100.252 30.356 19.992 50.78 51.948 56.176 87.894 1.8 11.984 2.928 24.088 3.37 36.124 7.47-6.194 14.75-12.846 21.88-19.976 24.154-24.152 56.78-37.49 90.502-37.49 5.368 0 10.762 0.336 16.156 1.024 20.974 2.666 42.398 4.020 63.676 4.020 54.934 0 107.988-8.66 157.694-25.742 46.712-16.054 88.306-38.744 123.628-67.444 66.214-53.796 102.678-122.984 102.678-194.814s-36.464-141.016-102.678-194.814c-35.322-28.698-76.916-51.39-123.628-67.444-49.706-17.080-102.76-25.742-157.694-25.742zM512 64v0c282.77 0 512 186.25 512 416 0 229.752-229.23 416-512 416-27.156 0-53.81-1.734-79.824-5.044-109.978 109.978-241.25 129.7-368.176 132.596v-26.916c68.536-33.578 128-94.74 128-164.636 0-9.754-0.758-19.33-2.164-28.696-115.796-76.264-189.836-192.754-189.836-323.304 0-229.75 229.23-416 512-416z"
        ],
        "tags": [
          "bubble",
          "comment",
          "chat",
          "talk"
        ],
        "defaultCode": 59758,
        "grid": 16,
        "attrs": [],
        "colorPermutations": {
          "119019019012552552551": []
        }
      },
      "attrs": [],
      "properties": {
        "ligatures": "bubble2, comment2",
        "name": "bubble2",
        "order": 819,
        "id": 23,
        "prevSize": 32,
        "code": 59758
      },
      "setIdx": 0,
      "setId": 2,
      "iconIdx": 24
    },
    {
      "icon": {
        "paths": [
          "M576 706.612v-52.78c70.498-39.728 128-138.772 128-237.832 0-159.058 0-288-192-288s-192 128.942-192 288c0 99.060 57.502 198.104 128 237.832v52.78c-217.102 17.748-384 124.42-384 253.388h896c0-128.968-166.898-235.64-384-253.388z"
        ],
        "tags": [
          "user",
          "profile",
          "avatar",
          "person",
          "member"
        ],
        "defaultCode": 59761,
        "grid": 16,
        "attrs": [],
        "colorPermutations": {
          "119019019012552552551": []
        }
      },
      "attrs": [],
      "properties": {
        "ligatures": "user, profile2",
        "name": "user",
        "order": 820,
        "id": 24,
        "prevSize": 32,
        "code": 59761
      },
      "setIdx": 0,
      "setId": 2,
      "iconIdx": 25
    },
    {
      "icon": {
        "width": 1024,
        "paths": [
          "M384 736c0-151.234 95.874-280.486 230.032-330.2 16.28-36.538 25.968-77.164 25.968-117.8 0-159.058 0-288-192-288s-192 128.942-192 288c0 99.060 57.502 198.104 128 237.832v52.78c-217.102 17.748-384 124.42-384 253.388h397.306c-8.664-30.53-13.306-62.732-13.306-96z",
          "M736 448c-159.058 0-288 128.942-288 288s128.942 288 288 288c159.056 0 288-128.942 288-288s-128.942-288-288-288zM896 768h-128v128h-64v-128h-128v-64h128v-128h64v128h128v64z"
        ],
        "tags": [
          "user-plus",
          "user",
          "user-add",
          "profile",
          "avatar",
          "person",
          "member"
        ],
        "defaultCode": 59763,
        "grid": 16,
        "attrs": [],
        "colorPermutations": {
          "119019019012552552551": []
        }
      },
      "attrs": [],
      "properties": {
        "ligatures": "user-plus, user2",
        "name": "user-plus",
        "order": 821,
        "id": 25,
        "prevSize": 32,
        "code": 59763
      },
      "setIdx": 0,
      "setId": 2,
      "iconIdx": 26
    },
    {
      "icon": {
        "width": 1024,
        "paths": [
          "M384 736c0-151.234 95.874-280.486 230.032-330.2 16.28-36.538 25.968-77.164 25.968-117.8 0-159.058 0-288-192-288s-192 128.942-192 288c0 99.060 57.502 198.104 128 237.832v52.78c-217.102 17.748-384 124.42-384 253.388h397.306c-8.664-30.53-13.306-62.732-13.306-96z",
          "M736 448c-159.058 0-288 128.942-288 288s128.942 288 288 288c159.056 0 288-128.942 288-288s-128.942-288-288-288zM896 768h-320v-64h320v64z"
        ],
        "tags": [
          "user-minus",
          "user",
          "user-remove",
          "profile",
          "avatar",
          "person",
          "member"
        ],
        "defaultCode": 59764,
        "grid": 16,
        "attrs": [],
        "colorPermutations": {
          "119019019012552552551": []
        }
      },
      "attrs": [],
      "properties": {
        "ligatures": "user-minus, user3",
        "name": "user-minus",
        "order": 822,
        "id": 26,
        "prevSize": 32,
        "code": 59764
      },
      "setIdx": 0,
      "setId": 2,
      "iconIdx": 27
    },
    {
      "icon": {
        "paths": [
          "M225 448c123.712 0 224 100.29 224 224 0 123.712-100.288 224-224 224s-224-100.288-224-224l-1-32c0-247.424 200.576-448 448-448v128c-85.474 0-165.834 33.286-226.274 93.726-11.634 11.636-22.252 24.016-31.83 37.020 11.438-1.8 23.16-2.746 35.104-2.746zM801 448c123.71 0 224 100.29 224 224 0 123.712-100.29 224-224 224s-224-100.288-224-224l-1-32c0-247.424 200.576-448 448-448v128c-85.474 0-165.834 33.286-226.274 93.726-11.636 11.636-22.254 24.016-31.832 37.020 11.44-1.8 23.16-2.746 35.106-2.746z"
        ],
        "tags": [
          "quotes-left",
          "ldquo"
        ],
        "defaultCode": 59767,
        "grid": 16,
        "attrs": [],
        "colorPermutations": {
          "119019019012552552551": []
        }
      },
      "attrs": [],
      "properties": {
        "ligatures": "quotes-left, ldquo",
        "name": "quotes-left",
        "order": 823,
        "id": 27,
        "prevSize": 32,
        "code": 59767
      },
      "setIdx": 0,
      "setId": 2,
      "iconIdx": 28
    },
    {
      "icon": {
        "paths": [
          "M800 640c-123.712 0-224-100.29-224-224 0-123.712 100.288-224 224-224s224 100.288 224 224l1 32c0 247.424-200.576 448-448 448v-128c85.474 0 165.834-33.286 226.274-93.726 11.634-11.636 22.252-24.016 31.83-37.020-11.438 1.8-23.16 2.746-35.104 2.746zM224 640c-123.71 0-224-100.29-224-224 0-123.712 100.29-224 224-224s224 100.288 224 224l1 32c0 247.424-200.576 448-448 448v-128c85.474 0 165.834-33.286 226.274-93.726 11.636-11.636 22.254-24.016 31.832-37.020-11.44 1.8-23.16 2.746-35.106 2.746z"
        ],
        "tags": [
          "quotes-right",
          "rdquo"
        ],
        "defaultCode": 59768,
        "grid": 16,
        "attrs": [],
        "colorPermutations": {
          "119019019012552552551": []
        }
      },
      "attrs": [],
      "properties": {
        "ligatures": "quotes-right, rdquo",
        "name": "quotes-right",
        "order": 824,
        "id": 28,
        "prevSize": 32,
        "code": 59768
      },
      "setIdx": 0,
      "setId": 2,
      "iconIdx": 29
    },
    {
      "icon": {
        "paths": [
          "M1024 384h-384l143.53-143.53c-72.53-72.526-168.96-112.47-271.53-112.47s-199 39.944-271.53 112.47c-72.526 72.53-112.47 168.96-112.47 271.53s39.944 199 112.47 271.53c72.53 72.526 168.96 112.47 271.53 112.47s199-39.944 271.528-112.472c6.056-6.054 11.86-12.292 17.456-18.668l96.32 84.282c-93.846 107.166-231.664 174.858-385.304 174.858-282.77 0-512-229.23-512-512s229.23-512 512-512c141.386 0 269.368 57.326 362.016 149.984l149.984-149.984v384z"
        ],
        "tags": [
          "spinner",
          "loading",
          "loading-wheel",
          "refresh",
          "repeat",
          "busy",
          "wait",
          "arrow"
        ],
        "defaultCode": 59780,
        "grid": 16,
        "attrs": [],
        "colorPermutations": {
          "119019019012552552551": []
        }
      },
      "attrs": [],
      "properties": {
        "ligatures": "spinner11, loading12",
        "name": "spinner11",
        "order": 825,
        "id": 29,
        "prevSize": 32,
        "code": 59780
      },
      "setIdx": 0,
      "setId": 2,
      "iconIdx": 30
    },
    {
      "icon": {
        "paths": [
          "M992.262 871.396l-242.552-206.294c-25.074-22.566-51.89-32.926-73.552-31.926 57.256-67.068 91.842-154.078 91.842-249.176 0-212.078-171.922-384-384-384-212.076 0-384 171.922-384 384s171.922 384 384 384c95.098 0 182.108-34.586 249.176-91.844-1 21.662 9.36 48.478 31.926 73.552l206.294 242.552c35.322 39.246 93.022 42.554 128.22 7.356s31.892-92.898-7.354-128.22zM384 640c-141.384 0-256-114.616-256-256s114.616-256 256-256 256 114.616 256 256-114.614 256-256 256z"
        ],
        "tags": [
          "search",
          "magnifier",
          "magnifying-glass",
          "inspect",
          "find"
        ],
        "defaultCode": 59782,
        "grid": 16,
        "attrs": [],
        "colorPermutations": {
          "119019019012552552551": []
        }
      },
      "attrs": [],
      "properties": {
        "ligatures": "search, magnifier",
        "name": "search",
        "order": 826,
        "id": 30,
        "prevSize": 32,
        "code": 59782
      },
      "setIdx": 0,
      "setId": 2,
      "iconIdx": 31
    },
    {
      "icon": {
        "paths": [
          "M992.262 871.396l-242.552-206.294c-25.074-22.566-51.89-32.926-73.552-31.926 57.256-67.068 91.842-154.078 91.842-249.176 0-212.078-171.922-384-384-384-212.076 0-384 171.922-384 384s171.922 384 384 384c95.098 0 182.108-34.586 249.176-91.844-1 21.662 9.36 48.478 31.926 73.552l206.294 242.552c35.322 39.246 93.022 42.554 128.22 7.356s31.892-92.898-7.354-128.22zM384 640c-141.384 0-256-114.616-256-256s114.616-256 256-256 256 114.616 256 256-114.614 256-256 256zM448 192h-128v128h-128v128h128v128h128v-128h128v-128h-128z"
        ],
        "tags": [
          "zoom-in",
          "magnifier",
          "magnifier-plus",
          "enlarge"
        ],
        "defaultCode": 59783,
        "grid": 16,
        "attrs": [],
        "colorPermutations": {
          "119019019012552552551": []
        }
      },
      "attrs": [],
      "properties": {
        "ligatures": "zoom-in, magnifier2",
        "name": "zoom-in",
        "order": 827,
        "id": 31,
        "prevSize": 32,
        "code": 59783
      },
      "setIdx": 0,
      "setId": 2,
      "iconIdx": 32
    },
    {
      "icon": {
        "paths": [
          "M992.262 871.396l-242.552-206.294c-25.074-22.566-51.89-32.926-73.552-31.926 57.256-67.068 91.842-154.078 91.842-249.176 0-212.078-171.922-384-384-384-212.076 0-384 171.922-384 384s171.922 384 384 384c95.098 0 182.108-34.586 249.176-91.844-1 21.662 9.36 48.478 31.926 73.552l206.294 242.552c35.322 39.246 93.022 42.554 128.22 7.356s31.892-92.898-7.354-128.22zM384 640c-141.384 0-256-114.616-256-256s114.616-256 256-256 256 114.616 256 256-114.614 256-256 256zM192 320h384v128h-384z"
        ],
        "tags": [
          "zoom-out",
          "magnifier",
          "magnifier-minus",
          "reduce"
        ],
        "defaultCode": 59784,
        "grid": 16,
        "attrs": [],
        "colorPermutations": {
          "119019019012552552551": []
        }
      },
      "attrs": [],
      "properties": {
        "ligatures": "zoom-out, magnifier3",
        "name": "zoom-out",
        "order": 828,
        "id": 32,
        "prevSize": 32,
        "code": 59784
      },
      "setIdx": 0,
      "setId": 2,
      "iconIdx": 33
    },
    {
      "icon": {
        "paths": [
          "M704 0c-176.73 0-320 143.268-320 320 0 20.026 1.858 39.616 5.376 58.624l-389.376 389.376v192c0 35.346 28.654 64 64 64h64v-64h128v-128h128v-128h128l83.042-83.042c34.010 12.316 70.696 19.042 108.958 19.042 176.73 0 320-143.268 320-320s-143.27-320-320-320zM799.874 320.126c-53.020 0-96-42.98-96-96s42.98-96 96-96 96 42.98 96 96-42.98 96-96 96z"
        ],
        "tags": [
          "key",
          "password",
          "login",
          "signin"
        ],
        "defaultCode": 59789,
        "grid": 16,
        "attrs": [],
        "colorPermutations": {
          "119019019012552552551": []
        }
      },
      "attrs": [],
      "properties": {
        "ligatures": "key, password",
        "name": "key",
        "order": 829,
        "id": 33,
        "prevSize": 32,
        "code": 59789
      },
      "setIdx": 0,
      "setId": 2,
      "iconIdx": 34
    },
    {
      "icon": {
        "paths": [
          "M592 448h-16v-192c0-105.87-86.13-192-192-192h-128c-105.87 0-192 86.13-192 192v192h-16c-26.4 0-48 21.6-48 48v480c0 26.4 21.6 48 48 48h544c26.4 0 48-21.6 48-48v-480c0-26.4-21.6-48-48-48zM192 256c0-35.29 28.71-64 64-64h128c35.29 0 64 28.71 64 64v192h-256v-192z"
        ],
        "tags": [
          "lock",
          "secure",
          "private",
          "encrypted"
        ],
        "defaultCode": 59791,
        "grid": 16,
        "attrs": [],
        "colorPermutations": {
          "119019019012552552551": []
        }
      },
      "attrs": [],
      "properties": {
        "ligatures": "lock, secure",
        "name": "lock",
        "order": 830,
        "id": 34,
        "prevSize": 32,
        "code": 59791
      },
      "setIdx": 0,
      "setId": 2,
      "iconIdx": 35
    },
    {
      "icon": {
        "paths": [
          "M768 64c105.87 0 192 86.13 192 192v192h-128v-192c0-35.29-28.71-64-64-64h-128c-35.29 0-64 28.71-64 64v192h16c26.4 0 48 21.6 48 48v480c0 26.4-21.6 48-48 48h-544c-26.4 0-48-21.6-48-48v-480c0-26.4 21.6-48 48-48h400v-192c0-105.87 86.13-192 192-192h128z"
        ],
        "tags": [
          "unlocked",
          "lock-open"
        ],
        "defaultCode": 59792,
        "grid": 16,
        "attrs": [],
        "colorPermutations": {
          "119019019012552552551": []
        }
      },
      "attrs": [],
      "properties": {
        "ligatures": "unlocked, lock-open",
        "name": "unlocked",
        "order": 831,
        "id": 35,
        "prevSize": 32,
        "code": 59792
      },
      "setIdx": 0,
      "setId": 2,
      "iconIdx": 36
    },
    {
      "icon": {
        "paths": [
          "M896 448h16c26.4 0 48-21.6 48-48v-160c0-26.4-21.6-48-48-48h-16v-192h-128v192h-16c-26.4 0-48 21.6-48 48v160c0 26.4 21.6 48 48 48h16v576h128v-576zM768 256h128v128h-128v-128zM592 832c26.4 0 48-21.6 48-48v-160c0-26.4-21.6-48-48-48h-16v-576h-128v576h-16c-26.4 0-48 21.6-48 48v160c0 26.4 21.6 48 48 48h16v192h128v-192h16zM448 640h128v128h-128v-128zM272 448c26.4 0 48-21.6 48-48v-160c0-26.4-21.6-48-48-48h-16v-192h-128v192h-16c-26.4 0-48 21.6-48 48v160c0 26.4 21.6 48 48 48h16v576h128v-576h16zM128 256h128v128h-128v-128z"
        ],
        "tags": [
          "equalizer",
          "sliders",
          "settings",
          "preferences",
          "dashboard",
          "control"
        ],
        "defaultCode": 59795,
        "grid": 16,
        "attrs": [],
        "colorPermutations": {
          "119019019012552552551": []
        }
      },
      "attrs": [],
      "properties": {
        "ligatures": "equalizer2, sliders2",
        "name": "equalizer2",
        "order": 832,
        "id": 36,
        "prevSize": 32,
        "code": 59795
      },
      "setIdx": 0,
      "setId": 2,
      "iconIdx": 37
    },
    {
      "icon": {
        "paths": [
          "M933.79 610.25c-53.726-93.054-21.416-212.304 72.152-266.488l-100.626-174.292c-28.75 16.854-62.176 26.518-97.846 26.518-107.536 0-194.708-87.746-194.708-195.99h-201.258c0.266 33.41-8.074 67.282-25.958 98.252-53.724 93.056-173.156 124.702-266.862 70.758l-100.624 174.292c28.97 16.472 54.050 40.588 71.886 71.478 53.638 92.908 21.512 211.92-71.708 266.224l100.626 174.292c28.65-16.696 61.916-26.254 97.4-26.254 107.196 0 194.144 87.192 194.7 194.958h201.254c-0.086-33.074 8.272-66.57 25.966-97.218 53.636-92.906 172.776-124.594 266.414-71.012l100.626-174.29c-28.78-16.466-53.692-40.498-71.434-71.228zM512 719.332c-114.508 0-207.336-92.824-207.336-207.334 0-114.508 92.826-207.334 207.336-207.334 114.508 0 207.332 92.826 207.332 207.334-0.002 114.51-92.824 207.334-207.332 207.334z"
        ],
        "tags": [
          "cog",
          "gear",
          "preferences",
          "settings",
          "generate",
          "control",
          "options"
        ],
        "defaultCode": 59796,
        "grid": 16,
        "attrs": [],
        "colorPermutations": {
          "119019019012552552551": []
        }
      },
      "attrs": [],
      "properties": {
        "ligatures": "cog, gear",
        "name": "cog",
        "order": 833,
        "id": 37,
        "prevSize": 32,
        "code": 59796
      },
      "setIdx": 0,
      "setId": 2,
      "iconIdx": 38
    },
    {
      "icon": {
        "paths": [
          "M771.516 320c18.126-12.88 35.512-27.216 51.444-43.148 33.402-33.402 55.746-74.5 62.912-115.722 7.858-45.186-3.672-87.14-31.63-115.1-22.3-22.298-52.51-34.086-87.364-34.086-49.632 0-101.922 23.824-143.46 65.362-66.476 66.476-105.226 158.238-126.076 223.722-15.44-65.802-46.206-154.644-106.018-214.458-32.094-32.092-73.114-48.57-111.846-48.57-31.654 0-61.78 11.004-84.26 33.486-49.986 49.988-43.232 137.786 15.086 196.104 20.792 20.792 45.098 38.062 70.72 52.412h-217.024v256h64v448h768v-448.002h64v-256h-188.484zM674.326 128.218c27.724-27.724 62.322-44.274 92.55-44.274 10.7 0 25.708 2.254 36.45 12.998 26.030 26.028 11.412 86.308-31.28 128.998-43.946 43.946-103.060 74.168-154.432 94.060h-50.672c18.568-57.548 52.058-136.456 107.384-191.782zM233.934 160.89c-0.702-9.12-0.050-26.248 12.196-38.494 10.244-10.244 23.788-12.396 33.348-12.396v0c21.258 0 43.468 10.016 60.932 27.48 33.872 33.872 61.766 87.772 80.668 155.876 0.51 1.84 1.008 3.67 1.496 5.486-1.816-0.486-3.646-0.984-5.486-1.496-68.104-18.904-122.002-46.798-155.874-80.67-15.828-15.826-25.77-36.16-27.28-55.786zM448 960h-256v-416h256v416zM448 512h-320v-128h320v128zM832 960h-256v-416h256v416zM896 512h-320v-128h320v128z"
        ],
        "tags": [
          "gift",
          "present",
          "box"
        ],
        "defaultCode": 59807,
        "grid": 16,
        "attrs": [],
        "colorPermutations": {
          "119019019012552552551": []
        }
      },
      "attrs": [],
      "properties": {
        "ligatures": "gift, present",
        "name": "gift",
        "order": 834,
        "id": 38,
        "prevSize": 32,
        "code": 59807
      },
      "setIdx": 0,
      "setId": 2,
      "iconIdx": 39
    },
    {
      "icon": {
        "paths": [
          "M889.162 179.77c7.568-9.632 8.972-22.742 3.62-33.758-5.356-11.018-16.532-18.012-28.782-18.012h-704c-12.25 0-23.426 6.994-28.78 18.012-5.356 11.018-3.95 24.126 3.618 33.758l313.162 398.57v381.66h-96c-17.672 0-32 14.326-32 32s14.328 32 32 32h320c17.674 0 32-14.326 32-32s-14.326-32-32-32h-96v-381.66l313.162-398.57zM798.162 192l-100.572 128h-371.18l-100.57-128h572.322z"
        ],
        "tags": [
          "glass",
          "drink",
          "beverage",
          "wine"
        ],
        "defaultCode": 59809,
        "grid": 16,
        "attrs": [],
        "colorPermutations": {
          "119019019012552552551": []
        }
      },
      "attrs": [],
      "properties": {
        "ligatures": "glass2, drink2",
        "name": "glass2",
        "order": 835,
        "id": 39,
        "prevSize": 32,
        "code": 59809
      },
      "setIdx": 0,
      "setId": 2,
      "iconIdx": 40
    },
    {
      "icon": {
        "paths": [
          "M224 0c-106.040 0-192 100.288-192 224 0 105.924 63.022 194.666 147.706 217.998l-31.788 518.124c-2.154 35.132 24.882 63.878 60.082 63.878h32c35.2 0 62.236-28.746 60.082-63.878l-31.788-518.124c84.684-23.332 147.706-112.074 147.706-217.998 0-123.712-85.96-224-192-224zM869.334 0l-53.334 320h-40l-26.666-320h-26.668l-26.666 320h-40l-53.334-320h-26.666v416c0 17.672 14.326 32 32 32h83.338l-31.42 512.122c-2.154 35.132 24.882 63.878 60.082 63.878h32c35.2 0 62.236-28.746 60.082-63.878l-31.42-512.122h83.338c17.674 0 32-14.328 32-32v-416h-26.666z"
        ],
        "tags": [
          "spoon-knife",
          "food",
          "restaurant"
        ],
        "defaultCode": 59811,
        "grid": 16,
        "attrs": [],
        "colorPermutations": {
          "119019019012552552551": []
        }
      },
      "attrs": [],
      "properties": {
        "ligatures": "spoon-knife, food",
        "name": "spoon-knife",
        "order": 836,
        "id": 40,
        "prevSize": 32,
        "code": 59811
      },
      "setIdx": 0,
      "setId": 2,
      "iconIdx": 41
    },
    {
      "icon": {
        "paths": [
          "M321.008 1024c-68.246-142.008-31.902-223.378 20.55-300.044 57.44-83.956 72.244-167.066 72.244-167.066s45.154 58.7 27.092 150.508c79.772-88.8 94.824-230.28 82.782-284.464 180.314 126.012 257.376 398.856 153.522 601.066 552.372-312.532 137.398-780.172 65.154-832.85 24.082 52.676 28.648 141.85-20 185.126-82.352-312.276-285.972-376.276-285.972-376.276 24.082 161.044-87.296 337.144-194.696 468.73-3.774-64.216-7.782-108.528-41.55-169.98-7.58 116.656-96.732 211.748-120.874 328.628-32.702 158.286 24.496 274.18 241.748 396.622z"
        ],
        "tags": [
          "fire",
          "flame",
          "hot",
          "popular"
        ],
        "defaultCode": 59817,
        "grid": 16,
        "attrs": [],
        "colorPermutations": {
          "119019019012552552551": []
        }
      },
      "attrs": [],
      "properties": {
        "ligatures": "fire, flame",
        "name": "fire",
        "order": 837,
        "id": 41,
        "prevSize": 32,
        "code": 59817
      },
      "setIdx": 0,
      "setId": 2,
      "iconIdx": 42
    },
    {
      "icon": {
        "paths": [
          "M128 320v640c0 35.2 28.8 64 64 64h576c35.2 0 64-28.8 64-64v-640h-704zM320 896h-64v-448h64v448zM448 896h-64v-448h64v448zM576 896h-64v-448h64v448zM704 896h-64v-448h64v448z",
          "M848 128h-208v-80c0-26.4-21.6-48-48-48h-224c-26.4 0-48 21.6-48 48v80h-208c-26.4 0-48 21.6-48 48v80h832v-80c0-26.4-21.6-48-48-48zM576 128h-192v-63.198h192v63.198z"
        ],
        "tags": [
          "bin",
          "trashcan",
          "remove",
          "delete",
          "recycle",
          "dispose"
        ],
        "defaultCode": 59820,
        "grid": 16,
        "attrs": [],
        "colorPermutations": {
          "119019019012552552551": []
        }
      },
      "attrs": [],
      "properties": {
        "ligatures": "bin, trashcan",
        "name": "bin",
        "order": 838,
        "id": 42,
        "prevSize": 32,
        "code": 59820
      },
      "setIdx": 0,
      "setId": 2,
      "iconIdx": 43
    },
    {
      "icon": {
        "paths": [
          "M640 146.588v135.958c36.206 15.804 69.5 38.408 98.274 67.18 60.442 60.44 93.726 140.8 93.726 226.274s-33.286 165.834-93.726 226.274c-60.44 60.44-140.798 93.726-226.274 93.726s-165.834-33.286-226.274-93.726c-60.44-60.44-93.726-140.8-93.726-226.274s33.286-165.834 93.726-226.274c28.774-28.774 62.068-51.378 98.274-67.182v-135.956c-185.048 55.080-320 226.472-320 429.412 0 247.424 200.578 448 448 448 247.424 0 448-200.576 448-448 0-202.94-134.95-374.332-320-429.412zM448 0h128v512h-128z"
        ],
        "tags": [
          "switch"
        ],
        "defaultCode": 59830,
        "grid": 16,
        "attrs": [],
        "colorPermutations": {
          "119019019012552552551": []
        }
      },
      "attrs": [],
      "properties": {
        "ligatures": "switch",
        "name": "switch",
        "order": 839,
        "id": 43,
        "prevSize": 32,
        "code": 59830
      },
      "setIdx": 0,
      "setId": 2,
      "iconIdx": 44
    },
    {
      "icon": {
        "paths": [
          "M64 192h896v192h-896zM64 448h896v192h-896zM64 704h896v192h-896z"
        ],
        "tags": [
          "menu",
          "list",
          "options",
          "lines",
          "hamburger"
        ],
        "defaultCode": 59837,
        "grid": 16,
        "attrs": [],
        "colorPermutations": {
          "119019019012552552551": []
        }
      },
      "attrs": [],
      "properties": {
        "ligatures": "menu, list3",
        "name": "menu",
        "order": 840,
        "id": 44,
        "prevSize": 32,
        "code": 59837
      },
      "setIdx": 0,
      "setId": 2,
      "iconIdx": 45
    },
    {
      "icon": {
        "paths": [
          "M440.236 635.766c-13.31 0-26.616-5.076-36.77-15.23-95.134-95.136-95.134-249.934 0-345.070l192-192c46.088-46.086 107.36-71.466 172.534-71.466s126.448 25.38 172.536 71.464c95.132 95.136 95.132 249.934 0 345.070l-87.766 87.766c-20.308 20.308-53.23 20.308-73.54 0-20.306-20.306-20.306-53.232 0-73.54l87.766-87.766c54.584-54.586 54.584-143.404 0-197.99-26.442-26.442-61.6-41.004-98.996-41.004s-72.552 14.562-98.996 41.006l-192 191.998c-54.586 54.586-54.586 143.406 0 197.992 20.308 20.306 20.306 53.232 0 73.54-10.15 10.152-23.462 15.23-36.768 15.23z",
          "M256 1012c-65.176 0-126.45-25.38-172.534-71.464-95.134-95.136-95.134-249.934 0-345.070l87.764-87.764c20.308-20.306 53.234-20.306 73.54 0 20.308 20.306 20.308 53.232 0 73.54l-87.764 87.764c-54.586 54.586-54.586 143.406 0 197.992 26.44 26.44 61.598 41.002 98.994 41.002s72.552-14.562 98.998-41.006l192-191.998c54.584-54.586 54.584-143.406 0-197.992-20.308-20.308-20.306-53.232 0-73.54 20.306-20.306 53.232-20.306 73.54 0.002 95.132 95.134 95.132 249.932 0.002 345.068l-192.002 192c-46.090 46.088-107.364 71.466-172.538 71.466z"
        ],
        "tags": [
          "link",
          "chain",
          "url",
          "uri",
          "anchor"
        ],
        "defaultCode": 59851,
        "grid": 16,
        "attrs": [],
        "colorPermutations": {
          "119019019012552552551": []
        }
      },
      "attrs": [],
      "properties": {
        "ligatures": "link, chain",
        "name": "link",
        "order": 841,
        "id": 45,
        "prevSize": 32,
        "code": 59851
      },
      "setIdx": 0,
      "setId": 2,
      "iconIdx": 46
    },
    {
      "icon": {
        "paths": [
          "M1024 397.050l-353.78-51.408-158.22-320.582-158.216 320.582-353.784 51.408 256 249.538-60.432 352.352 316.432-166.358 316.432 166.358-60.434-352.352 256.002-249.538z"
        ],
        "tags": [
          "star-full",
          "rate",
          "star",
          "favorite",
          "bookmark"
        ],
        "defaultCode": 59865,
        "grid": 16,
        "attrs": [],
        "colorPermutations": {
          "119019019012552552551": []
        }
      },
      "attrs": [],
      "properties": {
        "ligatures": "star-full, rate3",
        "name": "star-full",
        "order": 842,
        "id": 46,
        "prevSize": 32,
        "code": 59865
      },
      "setIdx": 0,
      "setId": 2,
      "iconIdx": 47
    },
    {
      "icon": {
        "paths": [
          "M755.188 64c-107.63 0-200.258 87.554-243.164 179-42.938-91.444-135.578-179-243.216-179-148.382 0-268.808 120.44-268.808 268.832 0 301.846 304.5 380.994 512.022 679.418 196.154-296.576 511.978-387.206 511.978-679.418 0-148.392-120.43-268.832-268.812-268.832z"
        ],
        "tags": [
          "heart",
          "like",
          "love",
          "favorite"
        ],
        "defaultCode": 59866,
        "grid": 16,
        "attrs": [],
        "colorPermutations": {
          "119019019012552552551": []
        }
      },
      "attrs": [],
      "properties": {
        "ligatures": "heart, like",
        "name": "heart",
        "order": 843,
        "id": 47,
        "prevSize": 32,
        "code": 59866
      },
      "setIdx": 0,
      "setId": 2,
      "iconIdx": 48
    },
    {
      "icon": {
        "paths": [
          "M512 0c-282.77 0-512 229.23-512 512s229.23 512 512 512 512-229.23 512-512-229.23-512-512-512zM704 256c35.348 0 64 42.98 64 96s-28.652 96-64 96-64-42.98-64-96 28.652-96 64-96zM320 256c35.346 0 64 42.98 64 96s-28.654 96-64 96-64-42.98-64-96 28.654-96 64-96zM512 896c-166.868 0-305.422-139.872-320-318.304 93.77 54.114 204.050 85.064 320 85.064s226.23-30.806 320-84.92c-14.574 178.438-153.128 318.16-320 318.16z"
        ],
        "tags": [
          "happy",
          "emoticon",
          "smiley",
          "face"
        ],
        "defaultCode": 59872,
        "grid": 16,
        "attrs": [],
        "colorPermutations": {
          "119019019012552552551": []
        }
      },
      "attrs": [],
      "properties": {
        "ligatures": "happy2, emoticon2",
        "name": "happy2",
        "order": 844,
        "id": 48,
        "prevSize": 32,
        "code": 59872
      },
      "setIdx": 0,
      "setId": 2,
      "iconIdx": 49
    },
    {
      "icon": {
        "paths": [
          "M512 0c-282.77 0-512 229.23-512 512s229.23 512 512 512 512-229.23 512-512-229.23-512-512-512zM704 256c35.346 0 64 28.654 64 64s-28.654 64-64 64-64-28.654-64-64 28.654-64 64-64zM320 256c35.346 0 64 28.654 64 64s-28.654 64-64 64-64-28.654-64-64 28.654-64 64-64zM512 832c-116.51 0-218.464-62.274-274.426-155.344l82.328-49.396c39.174 65.148 110.542 108.74 192.098 108.74s152.924-43.592 192.098-108.74l82.328 49.396c-55.962 93.070-157.916 155.344-274.426 155.344z"
        ],
        "tags": [
          "smile",
          "emoticon",
          "smiley",
          "face"
        ],
        "defaultCode": 59874,
        "grid": 16,
        "attrs": [],
        "colorPermutations": {
          "119019019012552552551": []
        }
      },
      "attrs": [],
      "properties": {
        "ligatures": "smile2, emoticon4",
        "name": "smile2",
        "order": 845,
        "id": 49,
        "prevSize": 32,
        "code": 59874
      },
      "setIdx": 0,
      "setId": 2,
      "iconIdx": 50
    },
    {
      "icon": {
        "paths": [
          "M512 0c-282.77 0-512 229.23-512 512s229.23 512 512 512 512-229.23 512-512-229.23-512-512-512zM320 256c35.346 0 64 28.654 64 64s-28.654 64-64 64-64-28.654-64-64 28.654-64 64-64zM768 640h-64v96c0 53.020-42.98 96-96 96s-96-42.98-96-96v-96h-256v-64h512v64zM704 384c-35.346 0-64-28.654-64-64s28.654-64 64-64 64 28.654 64 64-28.654 64-64 64z"
        ],
        "tags": [
          "tongue",
          "emoticon",
          "smiley",
          "face"
        ],
        "defaultCode": 59876,
        "grid": 16,
        "attrs": [],
        "colorPermutations": {
          "119019019012552552551": []
        }
      },
      "attrs": [],
      "properties": {
        "ligatures": "tongue2, emoticon6",
        "name": "tongue2",
        "order": 846,
        "id": 50,
        "prevSize": 32,
        "code": 59876
      },
      "setIdx": 0,
      "setId": 2,
      "iconIdx": 51
    },
    {
      "icon": {
        "paths": [
          "M512 0c-282.77 0-512 229.23-512 512s229.23 512 512 512 512-229.23 512-512-229.23-512-512-512zM704 256c35.346 0 64 28.654 64 64s-28.654 64-64 64-64-28.654-64-64 28.654-64 64-64zM320 256c35.346 0 64 28.654 64 64s-28.654 64-64 64-64-28.654-64-64 28.654-64 64-64zM704.098 780.74c-39.174-65.148-110.544-108.74-192.098-108.74-81.556 0-152.924 43.592-192.098 108.74l-82.328-49.396c55.96-93.070 157.916-155.344 274.426-155.344 116.508 0 218.464 62.274 274.426 155.344l-82.328 49.396z"
        ],
        "tags": [
          "sad",
          "emoticon",
          "smiley",
          "face"
        ],
        "defaultCode": 59878,
        "grid": 16,
        "attrs": [],
        "colorPermutations": {
          "119019019012552552551": []
        }
      },
      "attrs": [],
      "properties": {
        "ligatures": "sad2, emoticon8",
        "name": "sad2",
        "order": 847,
        "id": 51,
        "prevSize": 32,
        "code": 59878
      },
      "setIdx": 0,
      "setId": 2,
      "iconIdx": 52
    },
    {
      "icon": {
        "paths": [
          "M512 0c-282.77 0-512 229.228-512 512 0 282.77 229.228 512 512 512 282.77 0 512-229.23 512-512 0-282.772-229.23-512-512-512zM704 256c35.346 0 64 42.98 64 96s-28.654 96-64 96-64-42.98-64-96 28.654-96 64-96zM352 312.062c59.646 0 102 22.332 102 57.282 0 7.398 3.812 42.994-0.17 49.594-14.828-24.576-54.81-42.188-101.83-42.188s-87.002 17.612-101.83 42.188c-3.982-6.6-0.17-42.196-0.17-49.594 0-34.95 42.354-57.282 102-57.282zM500.344 832c-119.242 0-223.858-64.28-282.892-160.952 70.41 55.060 194.534 65.81 325.288 39.978 140.248-27.706 249.11-91.542 288.454-176.594-21.654 167.96-161.518 297.568-330.85 297.568z"
        ],
        "tags": [
          "wink",
          "emoticon",
          "smiley",
          "face"
        ],
        "defaultCode": 59880,
        "grid": 16,
        "attrs": [],
        "colorPermutations": {
          "119019019012552552551": []
        }
      },
      "attrs": [],
      "properties": {
        "ligatures": "wink2, emoticon10",
        "name": "wink2",
        "order": 848,
        "id": 52,
        "prevSize": 32,
        "code": 59880
      },
      "setIdx": 0,
      "setId": 2,
      "iconIdx": 53
    },
    {
      "icon": {
        "paths": [
          "M512 0c-282.77 0-512 229.23-512 512s229.226 512 512 512c282.77 0 512-229.23 512-512s-229.23-512-512-512zM704 236c63.962 0 116 52.038 116 116 0 6.378-0.546 12.876-1.628 19.312-1.618 9.632-9.958 16.688-19.724 16.688s-18.108-7.056-19.722-16.69c-6.16-36.684-37.67-53.31-74.926-53.31s-68.766 16.626-74.924 53.31c-1.616 9.632-9.956 16.69-19.722 16.69-0.002 0 0 0-0.002 0-9.766 0-18.106-7.056-19.722-16.688-1.084-6.436-1.63-12.934-1.63-19.312 0-63.962 52.038-116 116-116zM320 236c63.962 0 116 52.038 116 116 0 6.378-0.548 12.876-1.628 19.312-1.618 9.632-9.956 16.688-19.724 16.688s-18.106-7.056-19.722-16.69c-6.16-36.684-37.67-53.31-74.926-53.31s-68.766 16.626-74.924 53.31c-1.616 9.632-9.956 16.69-19.722 16.69 0 0 0 0 0 0-9.766 0-18.106-7.056-19.724-16.688-1.082-6.436-1.63-12.934-1.63-19.312 0-63.962 52.038-116 116-116zM192 576h192v247.846c-110.094-28.606-192-129.124-192-247.846zM448 832v-256h128v256h-128zM640 823.846v-247.846h192c0 118.722-81.904 219.24-192 247.846z"
        ],
        "tags": [
          "grin",
          "emoticon",
          "smiley",
          "face"
        ],
        "defaultCode": 59882,
        "grid": 16,
        "attrs": [],
        "colorPermutations": {
          "119019019012552552551": []
        }
      },
      "attrs": [],
      "properties": {
        "ligatures": "grin2, emoticon12",
        "name": "grin2",
        "order": 849,
        "id": 53,
        "prevSize": 32,
        "code": 59882
      },
      "setIdx": 0,
      "setId": 2,
      "iconIdx": 54
    },
    {
      "icon": {
        "paths": [
          "M512 0c-282.77 0-512 229.23-512 512s229.226 512 512 512c282.77 0 512-229.23 512-512s-229.23-512-512-512zM512 832c-48.458 0-94.384-10.796-135.542-30.082l33.162-55.276c31.356 13.712 65.966 21.358 102.38 21.358 93.208 0 174.772-49.818 219.542-124.278l54.882 32.934c-55.964 93.070-157.914 155.344-274.424 155.344zM832 384c0 35.2-28.8 64-64 64h-128c-35.2 0-64-28.8-64-64h-128c0 35.2-28.8 64-64 64h-128c-35.2 0-64-28.8-64-64v-96c0-17.6 14.4-32 32-32h192c17.6 0 32 14.4 32 32v32h128v-32c0-17.6 14.4-32 32-32h192c17.6 0 32 14.4 32 32v96z"
        ],
        "tags": [
          "cool",
          "emoticon",
          "smiley",
          "face"
        ],
        "defaultCode": 59884,
        "grid": 16,
        "attrs": [],
        "colorPermutations": {
          "119019019012552552551": []
        }
      },
      "attrs": [],
      "properties": {
        "ligatures": "cool2, emoticon14",
        "name": "cool2",
        "order": 850,
        "id": 54,
        "prevSize": 32,
        "code": 59884
      },
      "setIdx": 0,
      "setId": 2,
      "iconIdx": 55
    },
    {
      "icon": {
        "paths": [
          "M512 0c-282.77 0-512 229.23-512 512s229.23 512 512 512 512-229.23 512-512-229.23-512-512-512zM576.094 380.516c2.032-47.454 45.21-78.948 81.592-97.138 34.742-17.372 69.104-26.060 70.548-26.422 17.146-4.288 34.52 6.138 38.806 23.284s-6.138 34.518-23.284 38.806c-17.624 4.45-38.522 12.12-56.936 21.35 10.648 11.43 17.174 26.752 17.174 43.606 0 35.346-28.654 64-64 64s-64-28.654-64-64c0.002-1.17 0.038-2.332 0.1-3.486zM256.958 280.24c4.288-17.146 21.66-27.572 38.806-23.284 1.446 0.362 35.806 9.052 70.548 26.422 36.38 18.192 79.56 49.684 81.592 97.138 0.062 1.154 0.098 2.314 0.098 3.484 0 35.346-28.654 64-64 64s-64-28.654-64-64c0-16.854 6.526-32.176 17.174-43.606-18.414-9.23-39.31-16.9-56.936-21.35-17.142-4.286-27.566-21.66-23.282-38.804zM704.098 780.74c-39.174-65.148-110.544-108.74-192.098-108.74-81.556 0-152.924 43.592-192.098 108.74l-82.328-49.396c55.96-93.070 157.916-155.344 274.426-155.344 116.508 0 218.464 62.274 274.426 155.344l-82.328 49.396z"
        ],
        "tags": [
          "angry",
          "emoticon",
          "smiley",
          "face",
          "rage"
        ],
        "defaultCode": 59886,
        "grid": 16,
        "attrs": [],
        "colorPermutations": {
          "119019019012552552551": []
        }
      },
      "attrs": [],
      "properties": {
        "ligatures": "angry2, emoticon16",
        "name": "angry2",
        "order": 851,
        "id": 55,
        "prevSize": 32,
        "code": 59886
      },
      "setIdx": 0,
      "setId": 2,
      "iconIdx": 56
    },
    {
      "icon": {
        "paths": [
          "M512 0c-282.77 0-512 229.23-512 512s229.23 512 512 512 512-229.23 512-512-229.23-512-512-512zM320 448c-35.346 0-64-42.98-64-96s28.654-96 64-96 64 42.98 64 96-28.654 96-64 96zM512 832c-70.692 0-128-57.308-128-128s57.308-128 128-128c70.692 0 128 57.308 128 128s-57.308 128-128 128zM704 448c-35.346 0-64-42.98-64-96s28.654-96 64-96 64 42.98 64 96-28.654 96-64 96z"
        ],
        "tags": [
          "shocked",
          "emoticon",
          "smiley",
          "face"
        ],
        "defaultCode": 59890,
        "grid": 16,
        "attrs": [],
        "colorPermutations": {
          "119019019012552552551": []
        }
      },
      "attrs": [],
      "properties": {
        "ligatures": "shocked2, emoticon20",
        "name": "shocked2",
        "order": 852,
        "id": 56,
        "prevSize": 32,
        "code": 59890
      },
      "setIdx": 0,
      "setId": 2,
      "iconIdx": 57
    },
    {
      "icon": {
        "paths": [
          "M512 0c-282.77 0-512 229.23-512 512s229.226 512 512 512c282.77 0 512-229.23 512-512s-229.23-512-512-512zM704 256c35.346 0 64 28.654 64 64s-28.654 64-64 64-64-28.654-64-64c0-35.346 28.654-64 64-64zM320 256c35.346 0 64 28.654 64 64s-28.654 64-64 64-64-28.654-64-64c0-35.346 28.654-64 64-64zM687.010 810.56c-82.902 30.18-174.9-12.712-205.080-95.614-18.108-49.742-73.306-75.478-123.048-57.372-45.562 16.588-70.958 64.296-60.988 110.424h-64.86c-9.244-72.508 32.45-144.532 103.956-170.56 82.904-30.18 174.902 12.712 205.082 95.614 18.108 49.742 73.306 75.476 123.046 57.37 45.562-16.584 70.958-64.294 60.988-110.422h64.864c9.24 72.506-32.454 144.532-103.96 170.56z"
        ],
        "tags": [
          "confused",
          "emoticon",
          "smiley",
          "face",
          "bewildered"
        ],
        "defaultCode": 59894,
        "grid": 16,
        "attrs": [],
        "colorPermutations": {
          "119019019012552552551": []
        }
      },
      "attrs": [],
      "properties": {
        "ligatures": "confused2, emoticon24",
        "name": "confused2",
        "order": 853,
        "id": 57,
        "prevSize": 32,
        "code": 59894
      },
      "setIdx": 0,
      "setId": 2,
      "iconIdx": 58
    },
    {
      "icon": {
        "paths": [
          "M512 0c-282.77 0-512 229.23-512 512s229.226 512 512 512c282.77 0 512-229.23 512-512s-229.23-512-512-512zM640 768h-256v-64h256v64zM704 256c35.346 0 64 28.654 64 64s-28.654 64-64 64-64-28.654-64-64c0-35.346 28.654-64 64-64zM320 256c35.346 0 64 28.654 64 64s-28.654 64-64 64-64-28.654-64-64c0-35.346 28.654-64 64-64z"
        ],
        "tags": [
          "neutral",
          "emoticon",
          "smiley",
          "face"
        ],
        "defaultCode": 59896,
        "grid": 16,
        "attrs": [],
        "colorPermutations": {
          "119019019012552552551": []
        }
      },
      "attrs": [],
      "properties": {
        "ligatures": "neutral2, emoticon26",
        "name": "neutral2",
        "order": 854,
        "id": 58,
        "prevSize": 32,
        "code": 59896
      },
      "setIdx": 0,
      "setId": 2,
      "iconIdx": 59
    },
    {
      "icon": {
        "paths": [
          "M512 92.774l429.102 855.226h-858.206l429.104-855.226zM512 0c-22.070 0-44.14 14.882-60.884 44.648l-437.074 871.112c-33.486 59.532-5 108.24 63.304 108.24h869.308c68.3 0 96.792-48.708 63.3-108.24h0.002l-437.074-871.112c-16.742-29.766-38.812-44.648-60.882-44.648v0z",
          "M576 832c0 35.346-28.654 64-64 64s-64-28.654-64-64c0-35.346 28.654-64 64-64s64 28.654 64 64z",
          "M512 704c-35.346 0-64-28.654-64-64v-192c0-35.346 28.654-64 64-64s64 28.654 64 64v192c0 35.346-28.654 64-64 64z"
        ],
        "tags": [
          "warning",
          "sign"
        ],
        "defaultCode": 59911,
        "grid": 16,
        "attrs": [],
        "colorPermutations": {
          "119019019012552552551": []
        }
      },
      "attrs": [],
      "properties": {
        "ligatures": "warning, sign",
        "name": "warning",
        "order": 855,
        "id": 59,
        "prevSize": 32,
        "code": 59911
      },
      "setIdx": 0,
      "setId": 2,
      "iconIdx": 60
    },
    {
      "icon": {
        "paths": [
          "M512 96c-111.118 0-215.584 43.272-294.156 121.844s-121.844 183.038-121.844 294.156c0 111.118 43.272 215.584 121.844 294.156s183.038 121.844 294.156 121.844c111.118 0 215.584-43.272 294.156-121.844s121.844-183.038 121.844-294.156c0-111.118-43.272-215.584-121.844-294.156s-183.038-121.844-294.156-121.844zM512 0v0c282.77 0 512 229.23 512 512s-229.23 512-512 512c-282.77 0-512-229.23-512-512s229.23-512 512-512zM448 704h128v128h-128zM448 192h128v384h-128z"
        ],
        "tags": [
          "notification",
          "warning",
          "notice",
          "note",
          "exclamation"
        ],
        "defaultCode": 59912,
        "grid": 16,
        "attrs": [],
        "colorPermutations": {
          "119019019012552552551": []
        }
      },
      "attrs": [],
      "properties": {
        "ligatures": "notification, warning2",
        "name": "notification",
        "order": 856,
        "id": 60,
        "prevSize": 32,
        "code": 59912
      },
      "setIdx": 0,
      "setId": 2,
      "iconIdx": 61
    },
    {
      "icon": {
        "paths": [
          "M448 704h128v128h-128zM704 256c35.346 0 64 28.654 64 64v192l-192 128h-128v-64l192-128v-64h-320v-128h384zM512 96c-111.118 0-215.584 43.272-294.156 121.844s-121.844 183.038-121.844 294.156c0 111.118 43.272 215.584 121.844 294.156s183.038 121.844 294.156 121.844c111.118 0 215.584-43.272 294.156-121.844s121.844-183.038 121.844-294.156c0-111.118-43.272-215.584-121.844-294.156s-183.038-121.844-294.156-121.844zM512 0v0c282.77 0 512 229.23 512 512s-229.23 512-512 512c-282.77 0-512-229.23-512-512s229.23-512 512-512z"
        ],
        "tags": [
          "question",
          "help",
          "support"
        ],
        "defaultCode": 59913,
        "grid": 16,
        "attrs": [],
        "colorPermutations": {
          "119019019012552552551": []
        }
      },
      "attrs": [],
      "properties": {
        "ligatures": "question, help",
        "name": "question",
        "order": 857,
        "id": 61,
        "prevSize": 32,
        "code": 59913
      },
      "setIdx": 0,
      "setId": 2,
      "iconIdx": 62
    },
    {
      "icon": {
        "paths": [
          "M992 384h-352v-352c0-17.672-14.328-32-32-32h-192c-17.672 0-32 14.328-32 32v352h-352c-17.672 0-32 14.328-32 32v192c0 17.672 14.328 32 32 32h352v352c0 17.672 14.328 32 32 32h192c17.672 0 32-14.328 32-32v-352h352c17.672 0 32-14.328 32-32v-192c0-17.672-14.328-32-32-32z"
        ],
        "tags": [
          "plus",
          "add",
          "sum"
        ],
        "defaultCode": 59914,
        "grid": 16,
        "attrs": [],
        "colorPermutations": {
          "119019019012552552551": []
        }
      },
      "attrs": [],
      "properties": {
        "ligatures": "plus, add",
        "name": "plus",
        "order": 858,
        "id": 62,
        "prevSize": 32,
        "code": 59914
      },
      "setIdx": 0,
      "setId": 2,
      "iconIdx": 63
    },
    {
      "icon": {
        "paths": [
          "M0 416v192c0 17.672 14.328 32 32 32h960c17.672 0 32-14.328 32-32v-192c0-17.672-14.328-32-32-32h-960c-17.672 0-32 14.328-32 32z"
        ],
        "tags": [
          "minus",
          "subtract",
          "minimize",
          "line"
        ],
        "defaultCode": 59915,
        "grid": 16,
        "attrs": [],
        "colorPermutations": {
          "119019019012552552551": []
        }
      },
      "attrs": [],
      "properties": {
        "ligatures": "minus, subtract",
        "name": "minus",
        "order": 859,
        "id": 63,
        "prevSize": 32,
        "code": 59915
      },
      "setIdx": 0,
      "setId": 2,
      "iconIdx": 64
    },
    {
      "icon": {
        "paths": [
          "M448 304c0-26.4 21.6-48 48-48h32c26.4 0 48 21.6 48 48v32c0 26.4-21.6 48-48 48h-32c-26.4 0-48-21.6-48-48v-32z",
          "M640 768h-256v-64h64v-192h-64v-64h192v256h64z",
          "M512 0c-282.77 0-512 229.23-512 512s229.23 512 512 512 512-229.23 512-512-229.23-512-512-512zM512 928c-229.75 0-416-186.25-416-416s186.25-416 416-416 416 186.25 416 416-186.25 416-416 416z"
        ],
        "tags": [
          "info",
          "information"
        ],
        "defaultCode": 59916,
        "grid": 16,
        "attrs": [],
        "colorPermutations": {
          "119019019012552552551": []
        }
      },
      "attrs": [],
      "properties": {
        "ligatures": "info, information",
        "name": "info",
        "order": 860,
        "id": 64,
        "prevSize": 32,
        "code": 59916
      },
      "setIdx": 0,
      "setId": 2,
      "iconIdx": 65
    },
    {
      "icon": {
        "paths": [
          "M512 0c-282.77 0-512 229.23-512 512s229.23 512 512 512 512-229.23 512-512-229.23-512-512-512zM512 928c-229.75 0-416-186.25-416-416s186.25-416 416-416 416 186.25 416 416-186.25 416-416 416z",
          "M672 256l-160 160-160-160-96 96 160 160-160 160 96 96 160-160 160 160 96-96-160-160 160-160z"
        ],
        "tags": [
          "cancel-circle",
          "close",
          "remove",
          "delete"
        ],
        "defaultCode": 59917,
        "grid": 16,
        "attrs": [],
        "colorPermutations": {
          "119019019012552552551": []
        }
      },
      "attrs": [],
      "properties": {
        "ligatures": "cancel-circle, close",
        "name": "cancel-circle",
        "order": 861,
        "id": 65,
        "prevSize": 32,
        "code": 59917
      },
      "setIdx": 0,
      "setId": 2,
      "iconIdx": 66
    },
    {
      "icon": {
        "paths": [
          "M874.040 149.96c-96.706-96.702-225.28-149.96-362.040-149.96s-265.334 53.258-362.040 149.96c-96.702 96.706-149.96 225.28-149.96 362.040s53.258 265.334 149.96 362.040c96.706 96.702 225.28 149.96 362.040 149.96s265.334-53.258 362.040-149.96c96.702-96.706 149.96-225.28 149.96-362.040s-53.258-265.334-149.96-362.040zM896 512c0 82.814-26.354 159.588-71.112 222.38l-535.266-535.268c62.792-44.758 139.564-71.112 222.378-71.112 211.738 0 384 172.262 384 384zM128 512c0-82.814 26.354-159.586 71.112-222.378l535.27 535.268c-62.794 44.756-139.568 71.11-222.382 71.11-211.738 0-384-172.262-384-384z"
        ],
        "tags": [
          "blocked",
          "forbidden",
          "denied",
          "banned"
        ],
        "defaultCode": 59918,
        "grid": 16,
        "attrs": [],
        "colorPermutations": {
          "119019019012552552551": []
        }
      },
      "attrs": [],
      "properties": {
        "ligatures": "blocked, forbidden",
        "name": "blocked",
        "order": 862,
        "id": 66,
        "prevSize": 32,
        "code": 59918
      },
      "setIdx": 0,
      "setId": 2,
      "iconIdx": 67
    },
    {
      "icon": {
        "paths": [
          "M1014.662 822.66c-0.004-0.004-0.008-0.008-0.012-0.010l-310.644-310.65 310.644-310.65c0.004-0.004 0.008-0.006 0.012-0.010 3.344-3.346 5.762-7.254 7.312-11.416 4.246-11.376 1.824-24.682-7.324-33.83l-146.746-146.746c-9.148-9.146-22.45-11.566-33.828-7.32-4.16 1.55-8.070 3.968-11.418 7.31 0 0.004-0.004 0.006-0.008 0.010l-310.648 310.652-310.648-310.65c-0.004-0.004-0.006-0.006-0.010-0.010-3.346-3.342-7.254-5.76-11.414-7.31-11.38-4.248-24.682-1.826-33.83 7.32l-146.748 146.748c-9.148 9.148-11.568 22.452-7.322 33.828 1.552 4.16 3.97 8.072 7.312 11.416 0.004 0.002 0.006 0.006 0.010 0.010l310.65 310.648-310.65 310.652c-0.002 0.004-0.006 0.006-0.008 0.010-3.342 3.346-5.76 7.254-7.314 11.414-4.248 11.376-1.826 24.682 7.322 33.83l146.748 146.746c9.15 9.148 22.452 11.568 33.83 7.322 4.16-1.552 8.070-3.97 11.416-7.312 0.002-0.004 0.006-0.006 0.010-0.010l310.648-310.65 310.648 310.65c0.004 0.002 0.008 0.006 0.012 0.008 3.348 3.344 7.254 5.762 11.414 7.314 11.378 4.246 24.684 1.826 33.828-7.322l146.746-146.748c9.148-9.148 11.57-22.454 7.324-33.83-1.552-4.16-3.97-8.068-7.314-11.414z"
        ],
        "tags": [
          "cross",
          "cancel",
          "close",
          "quit",
          "remove"
        ],
        "defaultCode": 59919,
        "grid": 16,
        "attrs": [],
        "colorPermutations": {
          "119019019012552552551": []
        }
      },
      "attrs": [],
      "properties": {
        "ligatures": "cross, cancel",
        "name": "cross",
        "order": 863,
        "id": 67,
        "prevSize": 32,
        "code": 59919
      },
      "setIdx": 0,
      "setId": 2,
      "iconIdx": 68
    },
    {
      "icon": {
        "paths": [
          "M864 128l-480 480-224-224-160 160 384 384 640-640z"
        ],
        "tags": [
          "checkmark",
          "tick",
          "correct",
          "accept",
          "ok"
        ],
        "defaultCode": 59920,
        "grid": 16,
        "attrs": [],
        "colorPermutations": {
          "119019019012552552551": []
        }
      },
      "attrs": [],
      "properties": {
        "ligatures": "checkmark, tick",
        "name": "checkmark",
        "order": 864,
        "id": 68,
        "prevSize": 32,
        "code": 59920
      },
      "setIdx": 0,
      "setId": 2,
      "iconIdx": 69
    },
    {
      "icon": {
        "paths": [
          "M0 512c0 282.77 229.23 512 512 512s512-229.23 512-512-229.23-512-512-512-512 229.23-512 512zM928 512c0 229.75-186.25 416-416 416s-416-186.25-416-416 186.25-416 416-416 416 186.25 416 416z",
          "M706.744 669.256l90.512-90.512-285.256-285.254-285.254 285.256 90.508 90.508 194.746-194.744z"
        ],
        "tags": [
          "circle-up",
          "up",
          "circle-top",
          "arrow"
        ],
        "defaultCode": 59969,
        "grid": 16,
        "attrs": [],
        "colorPermutations": {
          "119019019012552552551": []
        }
      },
      "attrs": [],
      "properties": {
        "ligatures": "circle-up, up3",
        "name": "circle-up",
        "order": 865,
        "id": 69,
        "prevSize": 32,
        "code": 59969
      },
      "setIdx": 0,
      "setId": 2,
      "iconIdx": 70
    },
    {
      "icon": {
        "paths": [
          "M512 0c-282.77 0-512 229.23-512 512s229.23 512 512 512 512-229.23 512-512-229.23-512-512-512zM512 928c-229.75 0-416-186.25-416-416s186.25-416 416-416 416 186.25 416 416-186.25 416-416 416z",
          "M354.744 706.744l90.512 90.512 285.254-285.256-285.256-285.254-90.508 90.508 194.744 194.746z"
        ],
        "tags": [
          "circle-right",
          "right",
          "circle-next",
          "arrow"
        ],
        "defaultCode": 59970,
        "grid": 16,
        "attrs": [],
        "colorPermutations": {
          "119019019012552552551": []
        }
      },
      "attrs": [],
      "properties": {
        "ligatures": "circle-right, right5",
        "name": "circle-right",
        "order": 866,
        "id": 70,
        "prevSize": 32,
        "code": 59970
      },
      "setIdx": 0,
      "setId": 2,
      "iconIdx": 71
    },
    {
      "icon": {
        "paths": [
          "M1024 512c0-282.77-229.23-512-512-512s-512 229.23-512 512 229.23 512 512 512 512-229.23 512-512zM96 512c0-229.75 186.25-416 416-416s416 186.25 416 416-186.25 416-416 416-416-186.25-416-416z",
          "M317.256 354.744l-90.512 90.512 285.256 285.254 285.254-285.256-90.508-90.508-194.746 194.744z"
        ],
        "tags": [
          "circle-down",
          "down",
          "circle-bottom",
          "arrow"
        ],
        "defaultCode": 59971,
        "grid": 16,
        "attrs": [],
        "colorPermutations": {
          "119019019012552552551": []
        }
      },
      "attrs": [],
      "properties": {
        "ligatures": "circle-down, down3",
        "name": "circle-down",
        "order": 867,
        "id": 71,
        "prevSize": 32,
        "code": 59971
      },
      "setIdx": 0,
      "setId": 2,
      "iconIdx": 72
    },
    {
      "icon": {
        "paths": [
          "M512 1024c282.77 0 512-229.23 512-512s-229.23-512-512-512-512 229.23-512 512 229.23 512 512 512zM512 96c229.75 0 416 186.25 416 416s-186.25 416-416 416-416-186.25-416-416 186.25-416 416-416z",
          "M669.256 317.256l-90.512-90.512-285.254 285.256 285.256 285.254 90.508-90.508-194.744-194.746z"
        ],
        "tags": [
          "circle-left",
          "left",
          "circle-previous",
          "arrow"
        ],
        "defaultCode": 59972,
        "grid": 16,
        "attrs": [],
        "colorPermutations": {
          "119019019012552552551": []
        }
      },
      "attrs": [],
      "properties": {
        "ligatures": "circle-left, left5",
        "name": "circle-left",
        "order": 868,
        "id": 72,
        "prevSize": 32,
        "code": 59972
      },
      "setIdx": 0,
      "setId": 2,
      "iconIdx": 73
    },
    {
      "icon": {
        "paths": [
          "M864 704c-45.16 0-85.92 18.738-115.012 48.83l-431.004-215.502c1.314-8.252 2.016-16.706 2.016-25.328s-0.702-17.076-2.016-25.326l431.004-215.502c29.092 30.090 69.852 48.828 115.012 48.828 88.366 0 160-71.634 160-160s-71.634-160-160-160-160 71.634-160 160c0 8.622 0.704 17.076 2.016 25.326l-431.004 215.504c-29.092-30.090-69.852-48.83-115.012-48.83-88.366 0-160 71.636-160 160 0 88.368 71.634 160 160 160 45.16 0 85.92-18.738 115.012-48.828l431.004 215.502c-1.312 8.25-2.016 16.704-2.016 25.326 0 88.368 71.634 160 160 160s160-71.632 160-160c0-88.364-71.634-160-160-160z"
        ],
        "tags": [
          "share",
          "social"
        ],
        "defaultCode": 60034,
        "grid": 16,
        "attrs": [],
        "colorPermutations": {
          "119019019012552552551": []
        }
      },
      "attrs": [],
      "properties": {
        "ligatures": "share2, social",
        "name": "share2",
        "order": 869,
        "id": 73,
        "prevSize": 32,
        "code": 60034
      },
      "setIdx": 0,
      "setId": 2,
      "iconIdx": 74
    },
    {
      "icon": {
        "paths": [
          "M512 0c-282.8 0-512 229.2-512 512s229.2 512 512 512 512-229.2 512-512-229.2-512-512-512zM384 768c-141.6 0-256-114.4-256-256s114.4-256 256-256c69.2 0 127 25.2 171.6 67l-69.6 66.8c-19-18.2-52.2-39.4-102-39.4-87.4 0-158.8 72.4-158.8 161.6s71.4 161.6 158.8 161.6c101.4 0 139.4-72.8 145.2-110.4h-145.2v-87.8h241.8c2.2 12.8 4 25.6 4 42.4 0 146.4-98 250.2-245.8 250.2zM832 512v64h-64v-64h-64v-64h64v-64h64v64h64v64h-64z"
        ],
        "tags": [
          "google-plus",
          "brand",
          "social"
        ],
        "defaultCode": 60045,
        "grid": 16,
        "attrs": [],
        "colorPermutations": {
          "119019019012552552551": []
        }
      },
      "attrs": [],
      "properties": {
        "ligatures": "google-plus3, brand7",
        "name": "google-plus3",
        "order": 870,
        "id": 74,
        "prevSize": 32,
        "code": 60045
      },
      "setIdx": 0,
      "setId": 2,
      "iconIdx": 75
    },
    {
      "icon": {
        "paths": [
          "M608 192h160v-192h-160c-123.514 0-224 100.486-224 224v96h-128v192h128v512h192v-512h160l32-192h-192v-96c0-17.346 14.654-32 32-32z"
        ],
        "tags": [
          "facebook",
          "brand",
          "social"
        ],
        "defaultCode": 60048,
        "grid": 16,
        "attrs": [],
        "colorPermutations": {
          "119019019012552552551": []
        }
      },
      "attrs": [],
      "properties": {
        "ligatures": "facebook, brand10",
        "name": "facebook",
        "order": 871,
        "id": 75,
        "prevSize": 32,
        "code": 60048
      },
      "setIdx": 0,
      "setId": 2,
      "iconIdx": 76
    },
    {
      "icon": {
        "paths": [
          "M512 92.2c136.8 0 153 0.6 206.8 3 50 2.2 77 10.6 95 17.6 23.8 9.2 41 20.4 58.8 38.2 18 18 29 35 38.4 58.8 7 18 15.4 45.2 17.6 95 2.4 54 3 70.2 3 206.8s-0.6 153-3 206.8c-2.2 50-10.6 77-17.6 95-9.2 23.8-20.4 41-38.2 58.8-18 18-35 29-58.8 38.4-18 7-45.2 15.4-95 17.6-54 2.4-70.2 3-206.8 3s-153-0.6-206.8-3c-50-2.2-77-10.6-95-17.6-23.8-9.2-41-20.4-58.8-38.2-18-18-29-35-38.4-58.8-7-18-15.4-45.2-17.6-95-2.4-54-3-70.2-3-206.8s0.6-153 3-206.8c2.2-50 10.6-77 17.6-95 9.2-23.8 20.4-41 38.2-58.8 18-18 35-29 58.8-38.4 18-7 45.2-15.4 95-17.6 53.8-2.4 70-3 206.8-3zM512 0c-139 0-156.4 0.6-211 3-54.4 2.4-91.8 11.2-124.2 23.8-33.8 13.2-62.4 30.6-90.8 59.2-28.6 28.4-46 57-59.2 90.6-12.6 32.6-21.4 69.8-23.8 124.2-2.4 54.8-3 72.2-3 211.2s0.6 156.4 3 211c2.4 54.4 11.2 91.8 23.8 124.2 13.2 33.8 30.6 62.4 59.2 90.8 28.4 28.4 57 46 90.6 59 32.6 12.6 69.8 21.4 124.2 23.8 54.6 2.4 72 3 211 3s156.4-0.6 211-3c54.4-2.4 91.8-11.2 124.2-23.8 33.6-13 62.2-30.6 90.6-59s46-57 59-90.6c12.6-32.6 21.4-69.8 23.8-124.2 2.4-54.6 3-72 3-211s-0.6-156.4-3-211c-2.4-54.4-11.2-91.8-23.8-124.2-12.6-34-30-62.6-58.6-91-28.4-28.4-57-46-90.6-59-32.6-12.6-69.8-21.4-124.2-23.8-54.8-2.6-72.2-3.2-211.2-3.2v0z",
          "M512 249c-145.2 0-263 117.8-263 263s117.8 263 263 263 263-117.8 263-263c0-145.2-117.8-263-263-263zM512 682.6c-94.2 0-170.6-76.4-170.6-170.6s76.4-170.6 170.6-170.6c94.2 0 170.6 76.4 170.6 170.6s-76.4 170.6-170.6 170.6z",
          "M846.8 238.6c0 33.91-27.49 61.4-61.4 61.4s-61.4-27.49-61.4-61.4c0-33.91 27.49-61.4 61.4-61.4s61.4 27.49 61.4 61.4z"
        ],
        "tags": [
          "instagram",
          "brand",
          "social"
        ],
        "defaultCode": 60050,
        "grid": 16,
        "attrs": [],
        "colorPermutations": {
          "119019019012552552551": []
        }
      },
      "attrs": [],
      "properties": {
        "ligatures": "instagram, brand12",
        "name": "instagram",
        "order": 872,
        "id": 76,
        "prevSize": 32,
        "code": 60050
      },
      "setIdx": 0,
      "setId": 2,
      "iconIdx": 77
    },
    {
      "icon": {
        "paths": [
          "M1024 226.4c-37.6 16.8-78.2 28-120.6 33 43.4-26 76.6-67.2 92.4-116.2-40.6 24-85.6 41.6-133.4 51-38.4-40.8-93-66.2-153.4-66.2-116 0-210 94-210 210 0 16.4 1.8 32.4 5.4 47.8-174.6-8.8-329.4-92.4-433-219.6-18 31-28.4 67.2-28.4 105.6 0 72.8 37 137.2 93.4 174.8-34.4-1-66.8-10.6-95.2-26.2 0 0.8 0 1.8 0 2.6 0 101.8 72.4 186.8 168.6 206-17.6 4.8-36.2 7.4-55.4 7.4-13.6 0-26.6-1.4-39.6-3.8 26.8 83.4 104.4 144.2 196.2 146-72 56.4-162.4 90-261 90-17 0-33.6-1-50.2-3 93.2 59.8 203.6 94.4 322.2 94.4 386.4 0 597.8-320.2 597.8-597.8 0-9.2-0.2-18.2-0.6-27.2 41-29.4 76.6-66.4 104.8-108.6z"
        ],
        "tags": [
          "twitter",
          "brand",
          "tweet",
          "social"
        ],
        "defaultCode": 60054,
        "grid": 16,
        "attrs": [],
        "colorPermutations": {
          "119019019012552552551": []
        }
      },
      "attrs": [],
      "properties": {
        "ligatures": "twitter, brand16",
        "name": "twitter",
        "order": 873,
        "id": 77,
        "prevSize": 32,
        "code": 60054
      },
      "setIdx": 0,
      "setId": 2,
      "iconIdx": 78
    },
    {
      "icon": {
        "paths": [
          "M1013.8 307.2c0 0-10-70.6-40.8-101.6-39-40.8-82.6-41-102.6-43.4-143.2-10.4-358.2-10.4-358.2-10.4h-0.4c0 0-215 0-358.2 10.4-20 2.4-63.6 2.6-102.6 43.4-30.8 31-40.6 101.6-40.6 101.6s-10.2 82.8-10.2 165.8v77.6c0 82.8 10.2 165.8 10.2 165.8s10 70.6 40.6 101.6c39 40.8 90.2 39.4 113 43.8 82 7.8 348.2 10.2 348.2 10.2s215.2-0.4 358.4-10.6c20-2.4 63.6-2.6 102.6-43.4 30.8-31 40.8-101.6 40.8-101.6s10.2-82.8 10.2-165.8v-77.6c-0.2-82.8-10.4-165.8-10.4-165.8zM406.2 644.8v-287.8l276.6 144.4-276.6 143.4z"
        ],
        "tags": [
          "youtube",
          "brand",
          "social"
        ],
        "defaultCode": 60061,
        "grid": 16,
        "attrs": [],
        "colorPermutations": {
          "119019019012552552551": []
        }
      },
      "attrs": [],
      "properties": {
        "ligatures": "youtube, brand21",
        "name": "youtube",
        "order": 874,
        "id": 78,
        "prevSize": 32,
        "code": 60061
      },
      "setIdx": 0,
      "setId": 2,
      "iconIdx": 79
    },
    {
      "icon": {
        "paths": [
          "M512 68.4c-245 0-443.6 198.6-443.6 443.6 0 188 117 348.4 282 413-3.8-35-7.4-89 1.6-127.2 8-34.6 52-220.4 52-220.4s-13.2-26.6-13.2-65.8c0-61.6 35.8-107.8 80.2-107.8 37.8 0 56.2 28.4 56.2 62.4 0 38-24.2 95-36.8 147.6-10.6 44.2 22 80.2 65.6 80.2 78.8 0 139.4-83.2 139.4-203.2 0-106.2-76.4-180.4-185.2-180.4-126.2 0-200.2 94.6-200.2 192.6 0 38.2 14.6 79 33 101.2 3.6 4.4 4.2 8.2 3 12.8-3.4 14-10.8 44.2-12.4 50.4-2 8.2-6.4 9.8-14.8 6-55.4-25.8-90-106.8-90-171.8 0-140 101.6-268.4 293-268.4 153.8 0 273.4 109.6 273.4 256.2 0 152.8-96.4 276-230.2 276-45 0-87.2-23.4-101.6-51 0 0-22.2 84.6-27.6 105.4-10 38.6-37 86.8-55.2 116.2 41.6 12.8 85.6 19.8 131.4 19.8 245 0 443.6-198.6 443.6-443.6 0-245.2-198.6-443.8-443.6-443.8z"
        ],
        "tags": [
          "pinterest",
          "brand",
          "social"
        ],
        "defaultCode": 60113,
        "grid": 16,
        "attrs": [],
        "colorPermutations": {
          "119019019012552552551": []
        }
      },
      "attrs": [],
      "properties": {
        "name": "pinterest",
        "ligatures": "pinterest, brand72",
        "order": 875,
        "id": 79,
        "prevSize": 32,
        "code": 60113
      },
      "setIdx": 0,
      "setId": 2,
      "iconIdx": 80
    }
  ],
  "height": 1024,
  "metadata": {
    "name": "icomoon"
  },
  "preferences": {
    "showGlyphs": true,
    "showQuickUse": true,
    "showQuickUse2": true,
    "showSVGs": true,
    "fontPref": {
      "prefix": "icon-",
      "metadata": {
        "fontFamily": "icomoon"
      },
      "metrics": {
        "emSize": 1024,
        "baseline": 6.25,
        "whitespace": 50
      },
      "embed": false
    },
    "imagePref": {
      "prefix": "icon-",
      "png": true,
      "useClassSelector": true,
      "color": 0,
      "bgColor": 16777215,
      "classSelector": ".icon"
    },
    "historySize": 100,
    "showCodes": true,
    "gridSize": 16
  }
}